time,strategy,symbol,side,type,status,multiplier,time_in_force,asset.strike,asset.multiplier,asset.asset_type,price,filled_quantity,trade_cost
2022-01-03 09:30:00-05:00,MyStrategy,SPY,buy,market,new,1,gtc,0.0,1,stock,,,
2022-01-03 09:30:00-05:00,MyStrategy,SPY,buy,market,fill,1,gtc,0.0,1,stock,476.29998779296875,1,0.0
2022-01-04 09:30:00-05:00,MyStrategy,SPY,buy,market,new,1,gtc,0.0,1,stock,,,
2022-01-04 09:30:00-05:00,MyStrategy,SPY,buy,market,fill,1,gtc,0.0,1,stock,479.2200012207031,1,0.0
2022-01-05 09:30:00-05:00,MyStrategy,SPY,buy,market,new,1,gtc,0.0,1,stock,,,
2022-01-05 09:30:00-05:00,MyStrategy,SPY,buy,market,fill,1,gtc,0.0,1,stock,477.1600036621094,1,0.0
2022-01-06 09:30:00-05:00,MyStrategy,SPY,buy,market,new,1,gtc,0.0,1,stock,,,
2022-01-06 09:30:00-05:00,MyStrategy,SPY,buy,market,fill,1,gtc,0.0,1,stock,467.8900146484375,1,0.0
2022-01-07 09:30:00-05:00,MyStrategy,SPY,buy,market,new,1,gtc,0.0,1,stock,,,
2022-01-07 09:30:00-05:00,MyStrategy,SPY,buy,market,fill,1,gtc,0.0,1,stock,467.95001220703125,1,0.0
2022-01-10 09:30:00-05:00,MyStrategy,SPY,buy,market,new,1,gtc,0.0,1,stock,,,
2022-01-10 09:30:00-05:00,MyStrategy,SPY,buy,market,fill,1,gtc,0.0,1,stock,462.70001220703125,1,0.0
2022-01-11 09:30:00-05:00,MyStrategy,SPY,buy,market,new,1,gtc,0.0,1,stock,,,
2022-01-11 09:30:00-05:00,MyStrategy,SPY,buy,market,fill,1,gtc,0.0,1,stock,465.2300109863281,1,0.0
2022-01-12 09:30:00-05:00,MyStrategy,SPY,buy,market,new,1,gtc,0.0,1,stock,,,
2022-01-12 09:30:00-05:00,MyStrategy,SPY,buy,market,fill,1,gtc,0.0,1,stock,471.5899963378906,1,0.0
2022-01-13 09:30:00-05:00,MyStrategy,SPY,buy,market,new,1,gtc,0.0,1,stock,,,
2022-01-13 09:30:00-05:00,MyStrategy,SPY,buy,market,fill,1,gtc,0.0,1,stock,472.19000244140625,1,0.0
2022-01-14 09:30:00-05:00,MyStrategy,SPY,buy,market,new,1,gtc,0.0,1,stock,,,
2022-01-14 09:30:00-05:00,MyStrategy,SPY,buy,market,fill,1,gtc,0.0,1,stock,461.19000244140625,1,0.0
2022-01-18 09:30:00-05:00,MyStrategy,SPY,buy,market,new,1,gtc,0.0,1,stock,,,
2022-01-18 09:30:00-05:00,MyStrategy,SPY,buy,market,fill,1,gtc,0.0,1,stock,459.739990234375,1,0.0
2022-01-19 09:30:00-05:00,MyStrategy,SPY,buy,market,new,1,gtc,0.0,1,stock,,,
2022-01-19 09:30:00-05:00,MyStrategy,SPY,buy,market,fill,1,gtc,0.0,1,stock,458.1300048828125,1,0.0
2022-01-20 09:30:00-05:00,MyStrategy,SPY,buy,market,new,1,gtc,0.0,1,stock,,,
2022-01-20 09:30:00-05:00,MyStrategy,SPY,buy,market,fill,1,gtc,0.0,1,stock,453.75,1,0.0
2022-01-21 09:30:00-05:00,MyStrategy,SPY,buy,market,new,1,gtc,0.0,1,stock,,,
2022-01-21 09:30:00-05:00,MyStrategy,SPY,buy,market,fill,1,gtc,0.0,1,stock,445.55999755859375,1,0.0
2022-01-24 09:30:00-05:00,MyStrategy,SPY,buy,market,new,1,gtc,0.0,1,stock,,,
2022-01-24 09:30:00-05:00,MyStrategy,SPY,buy,market,fill,1,gtc,0.0,1,stock,432.0299987792969,1,0.0
2022-01-25 09:30:00-05:00,MyStrategy,SPY,buy,market,new,1,gtc,0.0,1,stock,,,
2022-01-25 09:30:00-05:00,MyStrategy,SPY,buy,market,fill,1,gtc,0.0,1,stock,433.05999755859375,1,0.0
2022-01-26 09:30:00-05:00,MyStrategy,SPY,buy,market,new,1,gtc,0.0,1,stock,,,
2022-01-26 09:30:00-05:00,MyStrategy,SPY,buy,market,fill,1,gtc,0.0,1,stock,440.7200012207031,1,0.0
2022-01-27 09:30:00-05:00,MyStrategy,SPY,buy,market,new,1,gtc,0.0,1,stock,,,
2022-01-27 09:30:00-05:00,MyStrategy,SPY,buy,market,fill,1,gtc,0.0,1,stock,438.260009765625,1,0.0
2022-01-28 09:30:00-05:00,MyStrategy,SPY,buy,market,new,1,gtc,0.0,1,stock,,,
2022-01-28 09:30:00-05:00,MyStrategy,SPY,buy,market,fill,1,gtc,0.0,1,stock,432.67999267578125,1,0.0
2022-01-31 09:30:00-05:00,MyStrategy,SPY,buy,market,new,1,gtc,0.0,1,stock,,,
2022-01-31 09:30:00-05:00,MyStrategy,SPY,buy,market,fill,1,gtc,0.0,1,stock,441.239990234375,1,0.0
2022-02-01 09:30:00-05:00,MyStrategy,SPY,buy,market,new,1,gtc,0.0,1,stock,,,
2022-02-01 09:30:00-05:00,MyStrategy,SPY,buy,market,fill,1,gtc,0.0,1,stock,450.67999267578125,1,0.0
2022-02-02 09:30:00-05:00,MyStrategy,SPY,buy,market,new,1,gtc,0.0,1,stock,,,
2022-02-02 09:30:00-05:00,MyStrategy,SPY,buy,market,fill,1,gtc,0.0,1,stock,455.5,1,0.0
2022-02-03 09:30:00-05:00,MyStrategy,SPY,buy,market,new,1,gtc,0.0,1,stock,,,
2022-02-03 09:30:00-05:00,MyStrategy,SPY,buy,market,fill,1,gtc,0.0,1,stock,450.95001220703125,1,0.0
2022-02-04 09:30:00-05:00,MyStrategy,SPY,buy,market,new,1,gtc,0.0,1,stock,,,
2022-02-04 09:30:00-05:00,MyStrategy,SPY,buy,market,fill,1,gtc,0.0,1,stock,446.3500061035156,1,0.0
2022-02-07 09:30:00-05:00,MyStrategy,SPY,buy,market,new,1,gtc,0.0,1,stock,,,
2022-02-07 09:30:00-05:00,MyStrategy,SPY,buy,market,fill,1,gtc,0.0,1,stock,449.510009765625,1,0.0
2022-02-08 09:30:00-05:00,MyStrategy,SPY,buy,market,new,1,gtc,0.0,1,stock,,,
2022-02-08 09:30:00-05:00,MyStrategy,SPY,buy,market,fill,1,gtc,0.0,1,stock,446.7300109863281,1,0.0
2022-02-09 09:30:00-05:00,MyStrategy,SPY,buy,market,new,1,gtc,0.0,1,stock,,,
2022-02-09 09:30:00-05:00,MyStrategy,SPY,buy,market,fill,1,gtc,0.0,1,stock,455.2200012207031,1,0.0
2022-02-10 09:30:00-05:00,MyStrategy,SPY,buy,market,new,1,gtc,0.0,1,stock,,,
2022-02-10 09:30:00-05:00,MyStrategy,SPY,buy,market,fill,1,gtc,0.0,1,stock,451.3399963378906,1,0.0
2022-02-11 09:30:00-05:00,MyStrategy,SPY,buy,market,new,1,gtc,0.0,1,stock,,,
2022-02-11 09:30:00-05:00,MyStrategy,SPY,buy,market,fill,1,gtc,0.0,1,stock,449.4100036621094,1,0.0
2022-02-14 09:30:00-05:00,MyStrategy,SPY,buy,market,new,1,gtc,0.0,1,stock,,,
2022-02-14 09:30:00-05:00,MyStrategy,SPY,buy,market,fill,1,gtc,0.0,1,stock,439.9200134277344,1,0.0
2022-02-15 09:30:00-05:00,MyStrategy,SPY,buy,market,new,1,gtc,0.0,1,stock,,,
2022-02-15 09:30:00-05:00,MyStrategy,SPY,buy,market,fill,1,gtc,0.0,1,stock,443.7300109863281,1,0.0
2022-02-16 09:30:00-05:00,MyStrategy,SPY,buy,market,new,1,gtc,0.0,1,stock,,,
2022-02-16 09:30:00-05:00,MyStrategy,SPY,buy,market,fill,1,gtc,0.0,1,stock,443.92999267578125,1,0.0
2022-02-17 09:30:00-05:00,MyStrategy,SPY,buy,market,new,1,gtc,0.0,1,stock,,,
2022-02-17 09:30:00-05:00,MyStrategy,SPY,buy,market,fill,1,gtc,0.0,1,stock,443.2200012207031,1,0.0
2022-02-18 09:30:00-05:00,MyStrategy,SPY,buy,market,new,1,gtc,0.0,1,stock,,,
2022-02-18 09:30:00-05:00,MyStrategy,SPY,buy,market,fill,1,gtc,0.0,1,stock,437.3299865722656,1,0.0
2022-02-22 09:30:00-05:00,MyStrategy,SPY,buy,market,new,1,gtc,0.0,1,stock,,,
2022-02-22 09:30:00-05:00,MyStrategy,SPY,buy,market,fill,1,gtc,0.0,1,stock,431.8900146484375,1,0.0
2022-02-23 09:30:00-05:00,MyStrategy,SPY,buy,market,new,1,gtc,0.0,1,stock,,,
2022-02-23 09:30:00-05:00,MyStrategy,SPY,buy,market,fill,1,gtc,0.0,1,stock,432.6600036621094,1,0.0
2022-02-24 09:30:00-05:00,MyStrategy,SPY,buy,market,new,1,gtc,0.0,1,stock,,,
2022-02-24 09:30:00-05:00,MyStrategy,SPY,buy,market,fill,1,gtc,0.0,1,stock,411.0199890136719,1,0.0
2022-02-25 09:30:00-05:00,MyStrategy,SPY,buy,market,new,1,gtc,0.0,1,stock,,,
2022-02-25 09:30:00-05:00,MyStrategy,SPY,buy,market,fill,1,gtc,0.0,1,stock,429.6099853515625,1,0.0
2022-02-28 09:30:00-05:00,MyStrategy,SPY,buy,market,new,1,gtc,0.0,1,stock,,,
2022-02-28 09:30:00-05:00,MyStrategy,SPY,buy,market,fill,1,gtc,0.0,1,stock,432.0299987792969,1,0.0
2022-03-01 09:30:00-05:00,MyStrategy,SPY,buy,market,new,1,gtc,0.0,1,stock,,,
2022-03-01 09:30:00-05:00,MyStrategy,SPY,buy,market,fill,1,gtc,0.0,1,stock,435.0400085449219,1,0.0
2022-03-02 09:30:00-05:00,MyStrategy,SPY,buy,market,new,1,gtc,0.0,1,stock,,,
2022-03-02 09:30:00-05:00,MyStrategy,SPY,buy,market,fill,1,gtc,0.0,1,stock,432.3699951171875,1,0.0
2022-03-03 09:30:00-05:00,MyStrategy,SPY,buy,market,new,1,gtc,0.0,1,stock,,,
2022-03-03 09:30:00-05:00,MyStrategy,SPY,buy,market,fill,1,gtc,0.0,1,stock,440.4700012207031,1,0.0
2022-03-04 09:30:00-05:00,MyStrategy,SPY,buy,market,new,1,gtc,0.0,1,stock,,,
2022-03-04 09:30:00-05:00,MyStrategy,SPY,buy,market,fill,1,gtc,0.0,1,stock,431.75,1,0.0
2022-03-07 09:30:00-05:00,MyStrategy,SPY,buy,market,new,1,gtc,0.0,1,stock,,,
2022-03-07 09:30:00-05:00,MyStrategy,SPY,buy,market,fill,1,gtc,0.0,1,stock,431.54998779296875,1,0.0
2022-03-08 09:30:00-05:00,MyStrategy,SPY,buy,market,new,1,gtc,0.0,1,stock,,,
2022-03-08 09:30:00-05:00,MyStrategy,SPY,buy,market,fill,1,gtc,0.0,1,stock,419.6199951171875,1,0.0
2022-03-09 09:30:00-05:00,MyStrategy,SPY,buy,market,new,1,gtc,0.0,1,stock,,,
2022-03-09 09:30:00-05:00,MyStrategy,SPY,buy,market,fill,1,gtc,0.0,1,stock,425.1400146484375,1,0.0
2022-03-10 09:30:00-05:00,MyStrategy,SPY,buy,market,new,1,gtc,0.0,1,stock,,,
2022-03-10 09:30:00-05:00,MyStrategy,SPY,buy,market,fill,1,gtc,0.0,1,stock,422.5199890136719,1,0.0
2022-03-11 09:30:00-05:00,MyStrategy,SPY,buy,market,new,1,gtc,0.0,1,stock,,,
2022-03-11 09:30:00-05:00,MyStrategy,SPY,buy,market,fill,1,gtc,0.0,1,stock,428.1199951171875,1,0.0
2022-03-14 09:30:00-04:00,MyStrategy,SPY,buy,market,new,1,gtc,0.0,1,stock,,,
2022-03-14 09:30:00-04:00,MyStrategy,SPY,buy,market,fill,1,gtc,0.0,1,stock,419.7699890136719,1,0.0
2022-03-15 09:30:00-04:00,MyStrategy,SPY,buy,market,new,1,gtc,0.0,1,stock,,,
2022-03-15 09:30:00-04:00,MyStrategy,SPY,buy,market,fill,1,gtc,0.0,1,stock,429.8900146484375,1,0.0
2022-03-16 09:30:00-04:00,MyStrategy,SPY,buy,market,new,1,gtc,0.0,1,stock,,,
2022-03-16 09:30:00-04:00,MyStrategy,SPY,buy,market,fill,1,gtc,0.0,1,stock,433.5899963378906,1,0.0
2022-03-17 09:30:00-04:00,MyStrategy,SPY,buy,market,new,1,gtc,0.0,1,stock,,,
2022-03-17 09:30:00-04:00,MyStrategy,SPY,buy,market,fill,1,gtc,0.0,1,stock,438.0,1,0.0
2022-03-18 09:30:00-04:00,MyStrategy,SPY,buy,market,new,1,gtc,0.0,1,stock,,,
2022-03-18 09:30:00-04:00,MyStrategy,SPY,buy,market,fill,1,gtc,0.0,1,stock,438.0,1,0.0
2022-03-21 09:30:00-04:00,MyStrategy,SPY,buy,market,new,1,gtc,0.0,1,stock,,,
2022-03-21 09:30:00-04:00,MyStrategy,SPY,buy,market,fill,1,gtc,0.0,1,stock,445.8599853515625,1,0.0
2022-03-22 09:30:00-04:00,MyStrategy,SPY,buy,market,new,1,gtc,0.0,1,stock,,,
2022-03-22 09:30:00-04:00,MyStrategy,SPY,buy,market,fill,1,gtc,0.0,1,stock,446.9100036621094,1,0.0
2022-03-23 09:30:00-04:00,MyStrategy,SPY,buy,market,new,1,gtc,0.0,1,stock,,,
2022-03-23 09:30:00-04:00,MyStrategy,SPY,buy,market,fill,1,gtc,0.0,1,stock,445.94000244140625,1,0.0
2022-03-24 09:30:00-04:00,MyStrategy,SPY,buy,market,new,1,gtc,0.0,1,stock,,,
2022-03-24 09:30:00-04:00,MyStrategy,SPY,buy,market,fill,1,gtc,0.0,1,stock,451.1600036621094,1,0.0
2022-03-25 09:30:00-04:00,MyStrategy,SPY,buy,market,new,1,gtc,0.0,1,stock,,,
2022-03-25 09:30:00-04:00,MyStrategy,SPY,buy,market,fill,1,gtc,0.0,1,stock,451.1600036621094,1,0.0
2022-03-28 09:30:00-04:00,MyStrategy,SPY,buy,market,new,1,gtc,0.0,1,stock,,,
2022-03-28 09:30:00-04:00,MyStrategy,SPY,buy,market,fill,1,gtc,0.0,1,stock,460.0199890136719,1,0.0
2022-03-29 09:30:00-04:00,MyStrategy,SPY,buy,market,new,1,gtc,0.0,1,stock,,,
2022-03-29 09:30:00-04:00,MyStrategy,SPY,buy,market,fill,1,gtc,0.0,1,stock,460.3399963378906,1,0.0
2022-03-30 09:30:00-04:00,MyStrategy,SPY,buy,market,new,1,gtc,0.0,1,stock,,,
2022-03-30 09:30:00-04:00,MyStrategy,SPY,buy,market,fill,1,gtc,0.0,1,stock,457.8900146484375,1,0.0
2022-03-31 09:30:00-04:00,MyStrategy,SPY,buy,market,new,1,gtc,0.0,1,stock,,,
2022-03-31 09:30:00-04:00,MyStrategy,SPY,buy,market,fill,1,gtc,0.0,1,stock,453.30999755859375,1,0.0
2022-04-01 09:30:00-04:00,MyStrategy,SPY,buy,market,new,1,gtc,0.0,1,stock,,,
2022-04-01 09:30:00-04:00,MyStrategy,SPY,buy,market,fill,1,gtc,0.0,1,stock,453.30999755859375,1,0.0
2022-04-04 09:30:00-04:00,MyStrategy,SPY,buy,market,new,1,gtc,0.0,1,stock,,,
2022-04-04 09:30:00-04:00,MyStrategy,SPY,buy,market,fill,1,gtc,0.0,1,stock,455.2200012207031,1,0.0
2022-04-05 09:30:00-04:00,MyStrategy,SPY,buy,market,new,1,gtc,0.0,1,stock,,,
2022-04-05 09:30:00-04:00,MyStrategy,SPY,buy,market,fill,1,gtc,0.0,1,stock,446.8900146484375,1,0.0
2022-04-06 09:30:00-04:00,MyStrategy,SPY,buy,market,new,1,gtc,0.0,1,stock,,,
2022-04-06 09:30:00-04:00,MyStrategy,SPY,buy,market,fill,1,gtc,0.0,1,stock,445.5899963378906,1,0.0
2022-04-07 09:30:00-04:00,MyStrategy,SPY,buy,market,new,1,gtc,0.0,1,stock,,,
2022-04-07 09:30:00-04:00,MyStrategy,SPY,buy,market,fill,1,gtc,0.0,1,stock,447.9700012207031,1,0.0
2022-04-08 09:30:00-04:00,MyStrategy,SPY,buy,market,new,1,gtc,0.0,1,stock,,,
2022-04-08 09:30:00-04:00,MyStrategy,SPY,buy,market,fill,1,gtc,0.0,1,stock,447.9700012207031,1,0.0
2022-04-11 09:30:00-04:00,MyStrategy,SPY,buy,market,new,1,gtc,0.0,1,stock,,,
2022-04-11 09:30:00-04:00,MyStrategy,SPY,buy,market,fill,1,gtc,0.0,1,stock,443.0799865722656,1,0.0
2022-04-12 09:30:00-04:00,MyStrategy,SPY,buy,market,new,1,gtc,0.0,1,stock,,,
2022-04-12 09:30:00-04:00,MyStrategy,SPY,buy,market,fill,1,gtc,0.0,1,stock,438.0299987792969,1,0.0
2022-04-13 09:30:00-04:00,MyStrategy,SPY,buy,market,new,1,gtc,0.0,1,stock,,,
2022-04-13 09:30:00-04:00,MyStrategy,SPY,buy,market,fill,1,gtc,0.0,1,stock,443.54998779296875,1,0.0
2022-04-14 09:30:00-04:00,MyStrategy,SPY,buy,market,new,1,gtc,0.0,1,stock,,,
2022-04-14 09:30:00-04:00,MyStrategy,SPY,buy,market,fill,1,gtc,0.0,1,stock,443.54998779296875,1,0.0
2022-04-18 09:30:00-04:00,MyStrategy,SPY,buy,market,new,1,gtc,0.0,1,stock,,,
2022-04-18 09:30:00-04:00,MyStrategy,SPY,buy,market,fill,1,gtc,0.0,1,stock,437.8599853515625,1,0.0
2022-04-19 09:30:00-04:00,MyStrategy,SPY,buy,market,new,1,gtc,0.0,1,stock,,,
2022-04-19 09:30:00-04:00,MyStrategy,SPY,buy,market,fill,1,gtc,0.0,1,stock,446.9200134277344,1,0.0
2022-04-20 09:30:00-04:00,MyStrategy,SPY,buy,market,new,1,gtc,0.0,1,stock,,,
2022-04-20 09:30:00-04:00,MyStrategy,SPY,buy,market,fill,1,gtc,0.0,1,stock,448.5400085449219,1,0.0
2022-04-21 09:30:00-04:00,MyStrategy,SPY,buy,market,new,1,gtc,0.0,1,stock,,,
2022-04-21 09:30:00-04:00,MyStrategy,SPY,buy,market,fill,1,gtc,0.0,1,stock,436.9100036621094,1,0.0
2022-04-22 09:30:00-04:00,MyStrategy,SPY,buy,market,new,1,gtc,0.0,1,stock,,,
2022-04-22 09:30:00-04:00,MyStrategy,SPY,buy,market,fill,1,gtc,0.0,1,stock,436.9100036621094,1,0.0
2022-04-25 09:30:00-04:00,MyStrategy,SPY,buy,market,new,1,gtc,0.0,1,stock,,,
2022-04-25 09:30:00-04:00,MyStrategy,SPY,buy,market,fill,1,gtc,0.0,1,stock,425.8299865722656,1,0.0
2022-04-26 09:30:00-04:00,MyStrategy,SPY,buy,market,new,1,gtc,0.0,1,stock,,,
2022-04-26 09:30:00-04:00,MyStrategy,SPY,buy,market,fill,1,gtc,0.0,1,stock,417.239990234375,1,0.0
2022-04-27 09:30:00-04:00,MyStrategy,SPY,buy,market,new,1,gtc,0.0,1,stock,,,
2022-04-27 09:30:00-04:00,MyStrategy,SPY,buy,market,fill,1,gtc,0.0,1,stock,422.2900085449219,1,0.0
2022-04-28 09:30:00-04:00,MyStrategy,SPY,buy,market,new,1,gtc,0.0,1,stock,,,
2022-04-28 09:30:00-04:00,MyStrategy,SPY,buy,market,fill,1,gtc,0.0,1,stock,423.5899963378906,1,0.0
2022-04-29 09:30:00-04:00,MyStrategy,SPY,buy,market,new,1,gtc,0.0,1,stock,,,
2022-04-29 09:30:00-04:00,MyStrategy,SPY,buy,market,fill,1,gtc,0.0,1,stock,423.5899963378906,1,0.0
2022-05-02 09:30:00-04:00,MyStrategy,SPY,buy,market,new,1,gtc,0.0,1,stock,,,
2022-05-02 09:30:00-04:00,MyStrategy,SPY,buy,market,fill,1,gtc,0.0,1,stock,415.010009765625,1,0.0
2022-05-03 09:30:00-04:00,MyStrategy,SPY,buy,market,new,1,gtc,0.0,1,stock,,,
2022-05-03 09:30:00-04:00,MyStrategy,SPY,buy,market,fill,1,gtc,0.0,1,stock,417.0799865722656,1,0.0
2022-05-04 09:30:00-04:00,MyStrategy,SPY,buy,market,new,1,gtc,0.0,1,stock,,,
2022-05-04 09:30:00-04:00,MyStrategy,SPY,buy,market,fill,1,gtc,0.0,1,stock,424.54998779296875,1,0.0
2022-05-05 09:30:00-04:00,MyStrategy,SPY,buy,market,new,1,gtc,0.0,1,stock,,,
2022-05-05 09:30:00-04:00,MyStrategy,SPY,buy,market,fill,1,gtc,0.0,1,stock,411.1000061035156,1,0.0
2022-05-06 09:30:00-04:00,MyStrategy,SPY,buy,market,new,1,gtc,0.0,1,stock,,,
2022-05-06 09:30:00-04:00,MyStrategy,SPY,buy,market,fill,1,gtc,0.0,1,stock,411.1000061035156,1,0.0
2022-05-09 09:30:00-04:00,MyStrategy,SPY,buy,market,new,1,gtc,0.0,1,stock,,,
2022-05-09 09:30:00-04:00,MyStrategy,SPY,buy,market,fill,1,gtc,0.0,1,stock,404.489990234375,1,0.0
2022-05-10 09:30:00-04:00,MyStrategy,SPY,buy,market,new,1,gtc,0.0,1,stock,,,
2022-05-10 09:30:00-04:00,MyStrategy,SPY,buy,market,fill,1,gtc,0.0,1,stock,398.07000732421875,1,0.0
2022-05-11 09:30:00-04:00,MyStrategy,SPY,buy,market,new,1,gtc,0.0,1,stock,,,
2022-05-11 09:30:00-04:00,MyStrategy,SPY,buy,market,fill,1,gtc,0.0,1,stock,389.3699951171875,1,0.0
2022-05-12 09:30:00-04:00,MyStrategy,SPY,buy,market,new,1,gtc,0.0,1,stock,,,
2022-05-12 09:30:00-04:00,MyStrategy,SPY,buy,market,fill,1,gtc,0.0,1,stock,396.7099914550781,1,0.0
2022-05-13 09:30:00-04:00,MyStrategy,SPY,buy,market,new,1,gtc,0.0,1,stock,,,
2022-05-13 09:30:00-04:00,MyStrategy,SPY,buy,market,fill,1,gtc,0.0,1,stock,396.7099914550781,1,0.0
2022-05-16 09:30:00-04:00,MyStrategy,SPY,buy,market,new,1,gtc,0.0,1,stock,,,
2022-05-16 09:30:00-04:00,MyStrategy,SPY,buy,market,fill,1,gtc,0.0,1,stock,406.5299987792969,1,0.0
2022-05-17 09:30:00-04:00,MyStrategy,SPY,buy,market,new,1,gtc,0.0,1,stock,,,
2022-05-17 09:30:00-04:00,MyStrategy,SPY,buy,market,fill,1,gtc,0.0,1,stock,403.5,1,0.0
2022-05-18 09:30:00-04:00,MyStrategy,SPY,buy,market,new,1,gtc,0.0,1,stock,,,
2022-05-18 09:30:00-04:00,MyStrategy,SPY,buy,market,fill,1,gtc,0.0,1,stock,388.6199951171875,1,0.0
2022-05-19 09:30:00-04:00,MyStrategy,SPY,buy,market,new,1,gtc,0.0,1,stock,,,
2022-05-19 09:30:00-04:00,MyStrategy,SPY,buy,market,fill,1,gtc,0.0,1,stock,393.25,1,0.0
2022-05-20 09:30:00-04:00,MyStrategy,SPY,buy,market,new,1,gtc,0.0,1,stock,,,
2022-05-20 09:30:00-04:00,MyStrategy,SPY,buy,market,fill,1,gtc,0.0,1,stock,393.25,1,0.0
2022-05-23 09:30:00-04:00,MyStrategy,SPY,buy,market,new,1,gtc,0.0,1,stock,,,
2022-05-23 09:30:00-04:00,MyStrategy,SPY,buy,market,fill,1,gtc,0.0,1,stock,392.55999755859375,1,0.0
2022-05-24 09:30:00-04:00,MyStrategy,SPY,buy,market,new,1,gtc,0.0,1,stock,,,
2022-05-24 09:30:00-04:00,MyStrategy,SPY,buy,market,fill,1,gtc,0.0,1,stock,392.30999755859375,1,0.0
2022-05-25 09:30:00-04:00,MyStrategy,SPY,buy,market,new,1,gtc,0.0,1,stock,,,
2022-05-25 09:30:00-04:00,MyStrategy,SPY,buy,market,fill,1,gtc,0.0,1,stock,398.6700134277344,1,0.0
2022-05-26 09:30:00-04:00,MyStrategy,SPY,buy,market,new,1,gtc,0.0,1,stock,,,
2022-05-26 09:30:00-04:00,MyStrategy,SPY,buy,market,fill,1,gtc,0.0,1,stock,407.9100036621094,1,0.0
2022-05-27 09:30:00-04:00,MyStrategy,SPY,buy,market,new,1,gtc,0.0,1,stock,,,
2022-05-27 09:30:00-04:00,MyStrategy,SPY,buy,market,fill,1,gtc,0.0,1,stock,407.9100036621094,1,0.0
2022-05-31 09:30:00-04:00,MyStrategy,SPY,buy,market,new,1,gtc,0.0,1,stock,,,
2022-05-31 09:30:00-04:00,MyStrategy,SPY,buy,market,fill,1,gtc,0.0,1,stock,415.1700134277344,1,0.0
2022-06-01 09:30:00-04:00,MyStrategy,SPY,buy,market,new,1,gtc,0.0,1,stock,,,
2022-06-01 09:30:00-04:00,MyStrategy,SPY,buy,market,fill,1,gtc,0.0,1,stock,409.4200134277344,1,0.0
2022-06-02 09:30:00-04:00,MyStrategy,SPY,buy,market,new,1,gtc,0.0,1,stock,,,
2022-06-02 09:30:00-04:00,MyStrategy,SPY,buy,market,fill,1,gtc,0.0,1,stock,412.3999938964844,1,0.0
2022-06-03 09:30:00-04:00,MyStrategy,SPY,buy,market,new,1,gtc,0.0,1,stock,,,
2022-06-03 09:30:00-04:00,MyStrategy,SPY,buy,market,fill,1,gtc,0.0,1,stock,412.3999938964844,1,0.0
2022-06-06 09:30:00-04:00,MyStrategy,SPY,buy,market,new,1,gtc,0.0,1,stock,,,
2022-06-06 09:30:00-04:00,MyStrategy,SPY,buy,market,fill,1,gtc,0.0,1,stock,408.1000061035156,1,0.0
2022-06-07 09:30:00-04:00,MyStrategy,SPY,buy,market,new,1,gtc,0.0,1,stock,,,
2022-06-07 09:30:00-04:00,MyStrategy,SPY,buy,market,fill,1,gtc,0.0,1,stock,413.92999267578125,1,0.0
2022-06-08 09:30:00-04:00,MyStrategy,SPY,buy,market,new,1,gtc,0.0,1,stock,,,
2022-06-08 09:30:00-04:00,MyStrategy,SPY,buy,market,fill,1,gtc,0.0,1,stock,409.3399963378906,1,0.0
2022-06-09 09:30:00-04:00,MyStrategy,SPY,buy,market,new,1,gtc,0.0,1,stock,,,
2022-06-09 09:30:00-04:00,MyStrategy,SPY,buy,market,fill,1,gtc,0.0,1,stock,394.8800048828125,1,0.0
2022-06-10 09:30:00-04:00,MyStrategy,SPY,buy,market,new,1,gtc,0.0,1,stock,,,
2022-06-10 09:30:00-04:00,MyStrategy,SPY,buy,market,fill,1,gtc,0.0,1,stock,394.8800048828125,1,0.0
2022-06-13 09:30:00-04:00,MyStrategy,SPY,buy,market,new,1,gtc,0.0,1,stock,,,
2022-06-13 09:30:00-04:00,MyStrategy,SPY,buy,market,fill,1,gtc,0.0,1,stock,376.8500061035156,1,0.0
2022-06-14 09:30:00-04:00,MyStrategy,SPY,buy,market,new,1,gtc,0.0,1,stock,,,
2022-06-14 09:30:00-04:00,MyStrategy,SPY,buy,market,fill,1,gtc,0.0,1,stock,377.3599853515625,1,0.0
2022-06-15 09:30:00-04:00,MyStrategy,SPY,buy,market,new,1,gtc,0.0,1,stock,,,
2022-06-15 09:30:00-04:00,MyStrategy,SPY,buy,market,fill,1,gtc,0.0,1,stock,370.510009765625,1,0.0
2022-06-16 09:30:00-04:00,MyStrategy,SPY,buy,market,new,1,gtc,0.0,1,stock,,,
2022-06-16 09:30:00-04:00,MyStrategy,SPY,buy,market,fill,1,gtc,0.0,1,stock,365.510009765625,1,0.0
2022-06-17 09:30:00-04:00,MyStrategy,SPY,buy,market,new,1,gtc,0.0,1,stock,,,
2022-06-17 09:30:00-04:00,MyStrategy,SPY,buy,market,fill,1,gtc,0.0,1,stock,365.510009765625,1,0.0
2022-06-21 09:30:00-04:00,MyStrategy,SPY,buy,market,new,1,gtc,0.0,1,stock,,,
2022-06-21 09:30:00-04:00,MyStrategy,SPY,buy,market,fill,1,gtc,0.0,1,stock,370.6199951171875,1,0.0
2022-06-22 09:30:00-04:00,MyStrategy,SPY,buy,market,new,1,gtc,0.0,1,stock,,,
2022-06-22 09:30:00-04:00,MyStrategy,SPY,buy,market,fill,1,gtc,0.0,1,stock,376.6400146484375,1,0.0
2022-06-23 09:30:00-04:00,MyStrategy,SPY,buy,market,new,1,gtc,0.0,1,stock,,,
2022-06-23 09:30:00-04:00,MyStrategy,SPY,buy,market,fill,1,gtc,0.0,1,stock,381.3999938964844,1,0.0
2022-06-24 09:30:00-04:00,MyStrategy,SPY,buy,market,new,1,gtc,0.0,1,stock,,,
2022-06-24 09:30:00-04:00,MyStrategy,SPY,buy,market,fill,1,gtc,0.0,1,stock,381.3999938964844,1,0.0
2022-06-27 09:30:00-04:00,MyStrategy,SPY,buy,market,new,1,gtc,0.0,1,stock,,,
2022-06-27 09:30:00-04:00,MyStrategy,SPY,buy,market,fill,1,gtc,0.0,1,stock,390.2300109863281,1,0.0
2022-06-28 09:30:00-04:00,MyStrategy,SPY,buy,market,new,1,gtc,0.0,1,stock,,,
2022-06-28 09:30:00-04:00,MyStrategy,SPY,buy,market,fill,1,gtc,0.0,1,stock,381.2300109863281,1,0.0
2022-06-29 09:30:00-04:00,MyStrategy,SPY,buy,market,new,1,gtc,0.0,1,stock,,,
2022-06-29 09:30:00-04:00,MyStrategy,SPY,buy,market,fill,1,gtc,0.0,1,stock,376.239990234375,1,0.0
2022-06-30 09:30:00-04:00,MyStrategy,SPY,buy,market,new,1,gtc,0.0,1,stock,,,
2022-06-30 09:30:00-04:00,MyStrategy,SPY,buy,market,fill,1,gtc,0.0,1,stock,376.55999755859375,1,0.0
2022-07-01 09:30:00-04:00,MyStrategy,SPY,buy,market,new,1,gtc,0.0,1,stock,,,
2022-07-01 09:30:00-04:00,MyStrategy,SPY,buy,market,fill,1,gtc,0.0,1,stock,376.55999755859375,1,0.0
2022-07-05 09:30:00-04:00,MyStrategy,SPY,buy,market,new,1,gtc,0.0,1,stock,,,
2022-07-05 09:30:00-04:00,MyStrategy,SPY,buy,market,fill,1,gtc,0.0,1,stock,382.1099853515625,1,0.0
2022-07-06 09:30:00-04:00,MyStrategy,SPY,buy,market,new,1,gtc,0.0,1,stock,,,
2022-07-06 09:30:00-04:00,MyStrategy,SPY,buy,market,fill,1,gtc,0.0,1,stock,385.1199951171875,1,0.0
2022-07-07 09:30:00-04:00,MyStrategy,SPY,buy,market,new,1,gtc,0.0,1,stock,,,
2022-07-07 09:30:00-04:00,MyStrategy,SPY,buy,market,fill,1,gtc,0.0,1,stock,387.2699890136719,1,0.0
2022-07-08 09:30:00-04:00,MyStrategy,SPY,buy,market,new,1,gtc,0.0,1,stock,,,
2022-07-08 09:30:00-04:00,MyStrategy,SPY,buy,market,fill,1,gtc,0.0,1,stock,387.2699890136719,1,0.0
2022-07-11 09:30:00-04:00,MyStrategy,SPY,buy,market,new,1,gtc,0.0,1,stock,,,
2022-07-11 09:30:00-04:00,MyStrategy,SPY,buy,market,fill,1,gtc,0.0,1,stock,383.6499938964844,1,0.0
2022-07-12 09:30:00-04:00,MyStrategy,SPY,buy,market,new,1,gtc,0.0,1,stock,,,
2022-07-12 09:30:00-04:00,MyStrategy,SPY,buy,market,fill,1,gtc,0.0,1,stock,375.1000061035156,1,0.0
2022-07-13 09:30:00-04:00,MyStrategy,SPY,buy,market,new,1,gtc,0.0,1,stock,,,
2022-07-13 09:30:00-04:00,MyStrategy,SPY,buy,market,fill,1,gtc,0.0,1,stock,373.6099853515625,1,0.0
2022-07-14 09:30:00-04:00,MyStrategy,SPY,buy,market,new,1,gtc,0.0,1,stock,,,
2022-07-14 09:30:00-04:00,MyStrategy,SPY,buy,market,fill,1,gtc,0.0,1,stock,382.54998779296875,1,0.0
2022-07-15 09:30:00-04:00,MyStrategy,SPY,buy,market,new,1,gtc,0.0,1,stock,,,
2022-07-15 09:30:00-04:00,MyStrategy,SPY,buy,market,fill,1,gtc,0.0,1,stock,382.54998779296875,1,0.0
2022-07-18 09:30:00-04:00,MyStrategy,SPY,buy,market,new,1,gtc,0.0,1,stock,,,
2022-07-18 09:30:00-04:00,MyStrategy,SPY,buy,market,fill,1,gtc,0.0,1,stock,386.0799865722656,1,0.0
2022-07-19 09:30:00-04:00,MyStrategy,SPY,buy,market,new,1,gtc,0.0,1,stock,,,
2022-07-19 09:30:00-04:00,MyStrategy,SPY,buy,market,fill,1,gtc,0.0,1,stock,392.4700012207031,1,0.0
2022-07-20 09:30:00-04:00,MyStrategy,SPY,buy,market,new,1,gtc,0.0,1,stock,,,
2022-07-20 09:30:00-04:00,MyStrategy,SPY,buy,market,fill,1,gtc,0.0,1,stock,394.1600036621094,1,0.0
2022-07-21 09:30:00-04:00,MyStrategy,SPY,buy,market,new,1,gtc,0.0,1,stock,,,
2022-07-21 09:30:00-04:00,MyStrategy,SPY,buy,market,fill,1,gtc,0.0,1,stock,398.9200134277344,1,0.0
2022-07-22 09:30:00-04:00,MyStrategy,SPY,buy,market,new,1,gtc,0.0,1,stock,,,
2022-07-22 09:30:00-04:00,MyStrategy,SPY,buy,market,fill,1,gtc,0.0,1,stock,398.9200134277344,1,0.0
2022-07-25 09:30:00-04:00,MyStrategy,SPY,buy,market,new,1,gtc,0.0,1,stock,,,
2022-07-25 09:30:00-04:00,MyStrategy,SPY,buy,market,fill,1,gtc,0.0,1,stock,393.8399963378906,1,0.0
2022-07-26 09:30:00-04:00,MyStrategy,SPY,buy,market,new,1,gtc,0.0,1,stock,,,
2022-07-26 09:30:00-04:00,MyStrategy,SPY,buy,market,fill,1,gtc,0.0,1,stock,394.3599853515625,1,0.0
2022-07-27 09:30:00-04:00,MyStrategy,SPY,buy,market,new,1,gtc,0.0,1,stock,,,
2022-07-27 09:30:00-04:00,MyStrategy,SPY,buy,market,fill,1,gtc,0.0,1,stock,401.8900146484375,1,0.0
2022-07-28 09:30:00-04:00,MyStrategy,SPY,buy,market,new,1,gtc,0.0,1,stock,,,
2022-07-28 09:30:00-04:00,MyStrategy,SPY,buy,market,fill,1,gtc,0.0,1,stock,407.5799865722656,1,0.0
2022-07-29 09:30:00-04:00,MyStrategy,SPY,buy,market,new,1,gtc,0.0,1,stock,,,
2022-07-29 09:30:00-04:00,MyStrategy,SPY,buy,market,fill,1,gtc,0.0,1,stock,407.5799865722656,1,0.0
2022-08-01 09:30:00-04:00,MyStrategy,SPY,buy,market,new,1,gtc,0.0,1,stock,,,
2022-08-01 09:30:00-04:00,MyStrategy,SPY,buy,market,fill,1,gtc,0.0,1,stock,409.1199951171875,1,0.0
2022-08-02 09:30:00-04:00,MyStrategy,SPY,buy,market,new,1,gtc,0.0,1,stock,,,
2022-08-02 09:30:00-04:00,MyStrategy,SPY,buy,market,fill,1,gtc,0.0,1,stock,410.29998779296875,1,0.0
2022-08-03 09:30:00-04:00,MyStrategy,SPY,buy,market,new,1,gtc,0.0,1,stock,,,
2022-08-03 09:30:00-04:00,MyStrategy,SPY,buy,market,fill,1,gtc,0.0,1,stock,414.3699951171875,1,0.0
2022-08-04 09:30:00-04:00,MyStrategy,SPY,buy,market,new,1,gtc,0.0,1,stock,,,
2022-08-04 09:30:00-04:00,MyStrategy,SPY,buy,market,fill,1,gtc,0.0,1,stock,409.6600036621094,1,0.0
2022-08-05 09:30:00-04:00,MyStrategy,SPY,buy,market,new,1,gtc,0.0,1,stock,,,
2022-08-05 09:30:00-04:00,MyStrategy,SPY,buy,market,fill,1,gtc,0.0,1,stock,409.6600036621094,1,0.0
2022-08-08 09:30:00-04:00,MyStrategy,SPY,buy,market,new,1,gtc,0.0,1,stock,,,
2022-08-08 09:30:00-04:00,MyStrategy,SPY,buy,market,fill,1,gtc,0.0,1,stock,412.2200012207031,1,0.0
2022-08-09 09:30:00-04:00,MyStrategy,SPY,buy,market,new,1,gtc,0.0,1,stock,,,
2022-08-09 09:30:00-04:00,MyStrategy,SPY,buy,market,fill,1,gtc,0.0,1,stock,418.7799987792969,1,0.0
2022-08-10 09:30:00-04:00,MyStrategy,SPY,buy,market,new,1,gtc,0.0,1,stock,,,
2022-08-10 09:30:00-04:00,MyStrategy,SPY,buy,market,fill,1,gtc,0.0,1,stock,422.989990234375,1,0.0
2022-08-11 09:30:00-04:00,MyStrategy,SPY,buy,market,new,1,gtc,0.0,1,stock,,,
2022-08-11 09:30:00-04:00,MyStrategy,SPY,buy,market,fill,1,gtc,0.0,1,stock,422.0299987792969,1,0.0
2022-08-12 09:30:00-04:00,MyStrategy,SPY,buy,market,new,1,gtc,0.0,1,stock,,,
2022-08-12 09:30:00-04:00,MyStrategy,SPY,buy,market,fill,1,gtc,0.0,1,stock,422.0299987792969,1,0.0
2022-08-15 09:30:00-04:00,MyStrategy,SPY,buy,market,new,1,gtc,0.0,1,stock,,,
2022-08-15 09:30:00-04:00,MyStrategy,SPY,buy,market,fill,1,gtc,0.0,1,stock,427.7300109863281,1,0.0
2022-08-16 09:30:00-04:00,MyStrategy,SPY,buy,market,new,1,gtc,0.0,1,stock,,,
2022-08-16 09:30:00-04:00,MyStrategy,SPY,buy,market,fill,1,gtc,0.0,1,stock,425.9100036621094,1,0.0
2022-08-17 09:30:00-04:00,MyStrategy,SPY,buy,market,new,1,gtc,0.0,1,stock,,,
2022-08-17 09:30:00-04:00,MyStrategy,SPY,buy,market,fill,1,gtc,0.0,1,stock,426.8599853515625,1,0.0
2022-08-18 09:30:00-04:00,MyStrategy,SPY,buy,market,new,1,gtc,0.0,1,stock,,,
2022-08-18 09:30:00-04:00,MyStrategy,SPY,buy,market,fill,1,gtc,0.0,1,stock,424.9800109863281,1,0.0
2022-08-19 09:30:00-04:00,MyStrategy,SPY,buy,market,new,1,gtc,0.0,1,stock,,,
2022-08-19 09:30:00-04:00,MyStrategy,SPY,buy,market,fill,1,gtc,0.0,1,stock,424.9800109863281,1,0.0
2022-08-22 09:30:00-04:00,MyStrategy,SPY,buy,market,new,1,gtc,0.0,1,stock,,,
2022-08-22 09:30:00-04:00,MyStrategy,SPY,buy,market,fill,1,gtc,0.0,1,stock,412.8999938964844,1,0.0
2022-08-23 09:30:00-04:00,MyStrategy,SPY,buy,market,new,1,gtc,0.0,1,stock,,,
2022-08-23 09:30:00-04:00,MyStrategy,SPY,buy,market,fill,1,gtc,0.0,1,stock,412.1099853515625,1,0.0
2022-08-24 09:30:00-04:00,MyStrategy,SPY,buy,market,new,1,gtc,0.0,1,stock,,,
2022-08-24 09:30:00-04:00,MyStrategy,SPY,buy,market,fill,1,gtc,0.0,1,stock,415.239990234375,1,0.0
2022-08-25 09:30:00-04:00,MyStrategy,SPY,buy,market,new,1,gtc,0.0,1,stock,,,
2022-08-25 09:30:00-04:00,MyStrategy,SPY,buy,market,fill,1,gtc,0.0,1,stock,419.3900146484375,1,0.0
2022-08-26 09:30:00-04:00,MyStrategy,SPY,buy,market,new,1,gtc,0.0,1,stock,,,
2022-08-26 09:30:00-04:00,MyStrategy,SPY,buy,market,fill,1,gtc,0.0,1,stock,419.3900146484375,1,0.0
2022-08-29 09:30:00-04:00,MyStrategy,SPY,buy,market,new,1,gtc,0.0,1,stock,,,
2022-08-29 09:30:00-04:00,MyStrategy,SPY,buy,market,fill,1,gtc,0.0,1,stock,403.8500061035156,1,0.0
2022-08-30 09:30:00-04:00,MyStrategy,SPY,buy,market,new,1,gtc,0.0,1,stock,,,
2022-08-30 09:30:00-04:00,MyStrategy,SPY,buy,market,fill,1,gtc,0.0,1,stock,399.92999267578125,1,0.0
2022-08-31 09:30:00-04:00,MyStrategy,SPY,buy,market,new,1,gtc,0.0,1,stock,,,
2022-08-31 09:30:00-04:00,MyStrategy,SPY,buy,market,fill,1,gtc,0.0,1,stock,392.8900146484375,1,0.0
2022-09-01 09:30:00-04:00,MyStrategy,SPY,buy,market,new,1,gtc,0.0,1,stock,,,
2022-09-01 09:30:00-04:00,MyStrategy,SPY,buy,market,fill,1,gtc,0.0,1,stock,400.2799987792969,1,0.0
2022-09-02 09:30:00-04:00,MyStrategy,SPY,buy,market,new,1,gtc,0.0,1,stock,,,
2022-09-02 09:30:00-04:00,MyStrategy,SPY,buy,market,fill,1,gtc,0.0,1,stock,400.2799987792969,1,0.0
2022-09-06 09:30:00-04:00,MyStrategy,SPY,buy,market,new,1,gtc,0.0,1,stock,,,
2022-09-06 09:30:00-04:00,MyStrategy,SPY,buy,market,fill,1,gtc,0.0,1,stock,390.42999267578125,1,0.0
2022-09-07 09:30:00-04:00,MyStrategy,SPY,buy,market,new,1,gtc,0.0,1,stock,,,
2022-09-07 09:30:00-04:00,MyStrategy,SPY,buy,market,fill,1,gtc,0.0,1,stock,395.3900146484375,1,0.0
2022-09-08 09:30:00-04:00,MyStrategy,SPY,buy,market,new,1,gtc,0.0,1,stock,,,
2022-09-08 09:30:00-04:00,MyStrategy,SPY,buy,market,fill,1,gtc,0.0,1,stock,402.739990234375,1,0.0
2022-09-09 09:30:00-04:00,MyStrategy,SPY,buy,market,new,1,gtc,0.0,1,stock,,,
2022-09-09 09:30:00-04:00,MyStrategy,SPY,buy,market,fill,1,gtc,0.0,1,stock,402.739990234375,1,0.0
2022-09-12 09:30:00-04:00,MyStrategy,SPY,buy,market,new,1,gtc,0.0,1,stock,,,
2022-09-12 09:30:00-04:00,MyStrategy,SPY,buy,market,fill,1,gtc,0.0,1,stock,401.8299865722656,1,0.0
2022-09-13 09:30:00-04:00,MyStrategy,SPY,buy,market,new,1,gtc,0.0,1,stock,,,
2022-09-13 09:30:00-04:00,MyStrategy,SPY,buy,market,fill,1,gtc,0.0,1,stock,394.4700012207031,1,0.0
2022-09-14 09:30:00-04:00,MyStrategy,SPY,buy,market,new,1,gtc,0.0,1,stock,,,
2022-09-14 09:30:00-04:00,MyStrategy,SPY,buy,market,fill,1,gtc,0.0,1,stock,392.9599914550781,1,0.0
2022-09-15 09:30:00-04:00,MyStrategy,SPY,buy,market,new,1,gtc,0.0,1,stock,,,
2022-09-15 09:30:00-04:00,MyStrategy,SPY,buy,market,fill,1,gtc,0.0,1,stock,384.1400146484375,1,0.0
2022-09-16 09:30:00-04:00,MyStrategy,SPY,buy,market,new,1,gtc,0.0,1,stock,,,
2022-09-16 09:30:00-04:00,MyStrategy,SPY,buy,market,fill,1,gtc,0.0,1,stock,384.1400146484375,1,0.0
2022-09-19 09:30:00-04:00,MyStrategy,SPY,buy,market,new,1,gtc,0.0,1,stock,,,
2022-09-19 09:30:00-04:00,MyStrategy,SPY,buy,market,fill,1,gtc,0.0,1,stock,385.05999755859375,1,0.0
2022-09-20 09:30:00-04:00,MyStrategy,SPY,buy,market,new,1,gtc,0.0,1,stock,,,
2022-09-20 09:30:00-04:00,MyStrategy,SPY,buy,market,fill,1,gtc,0.0,1,stock,386.1099853515625,1,0.0
2022-09-21 09:30:00-04:00,MyStrategy,SPY,buy,market,new,1,gtc,0.0,1,stock,,,
2022-09-21 09:30:00-04:00,MyStrategy,SPY,buy,market,fill,1,gtc,0.0,1,stock,376.5799865722656,1,0.0
2022-09-22 09:30:00-04:00,MyStrategy,SPY,buy,market,new,1,gtc,0.0,1,stock,,,
2022-09-22 09:30:00-04:00,MyStrategy,SPY,buy,market,fill,1,gtc,0.0,1,stock,370.5799865722656,1,0.0
2022-09-23 09:30:00-04:00,MyStrategy,SPY,buy,market,new,1,gtc,0.0,1,stock,,,
2022-09-23 09:30:00-04:00,MyStrategy,SPY,buy,market,fill,1,gtc,0.0,1,stock,370.5799865722656,1,0.0
2022-09-26 09:30:00-04:00,MyStrategy,SPY,buy,market,new,1,gtc,0.0,1,stock,,,
2022-09-26 09:30:00-04:00,MyStrategy,SPY,buy,market,fill,1,gtc,0.0,1,stock,368.0199890136719,1,0.0
2022-09-27 09:30:00-04:00,MyStrategy,SPY,buy,market,new,1,gtc,0.0,1,stock,,,
2022-09-27 09:30:00-04:00,MyStrategy,SPY,buy,market,fill,1,gtc,0.0,1,stock,364.3800048828125,1,0.0
2022-09-28 09:30:00-04:00,MyStrategy,SPY,buy,market,new,1,gtc,0.0,1,stock,,,
2022-09-28 09:30:00-04:00,MyStrategy,SPY,buy,market,fill,1,gtc,0.0,1,stock,366.80999755859375,1,0.0
2022-09-29 09:30:00-04:00,MyStrategy,SPY,buy,market,new,1,gtc,0.0,1,stock,,,
2022-09-29 09:30:00-04:00,MyStrategy,SPY,buy,market,fill,1,gtc,0.0,1,stock,361.79998779296875,1,0.0
2022-09-30 09:30:00-04:00,MyStrategy,SPY,buy,market,new,1,gtc,0.0,1,stock,,,
2022-09-30 09:30:00-04:00,MyStrategy,SPY,buy,market,fill,1,gtc,0.0,1,stock,361.79998779296875,1,0.0
2022-10-03 09:30:00-04:00,MyStrategy,SPY,buy,market,new,1,gtc,0.0,1,stock,,,
2022-10-03 09:30:00-04:00,MyStrategy,SPY,buy,market,fill,1,gtc,0.0,1,stock,372.3999938964844,1,0.0
2022-10-04 09:30:00-04:00,MyStrategy,SPY,buy,market,new,1,gtc,0.0,1,stock,,,
2022-10-04 09:30:00-04:00,MyStrategy,SPY,buy,market,fill,1,gtc,0.0,1,stock,373.3900146484375,1,0.0
2022-10-05 09:30:00-04:00,MyStrategy,SPY,buy,market,new,1,gtc,0.0,1,stock,,,
2022-10-05 09:30:00-04:00,MyStrategy,SPY,buy,market,fill,1,gtc,0.0,1,stock,375.6199951171875,1,0.0
2022-10-06 09:30:00-04:00,MyStrategy,SPY,buy,market,new,1,gtc,0.0,1,stock,,,
2022-10-06 09:30:00-04:00,MyStrategy,SPY,buy,market,fill,1,gtc,0.0,1,stock,368.9700012207031,1,0.0
2022-10-07 09:30:00-04:00,MyStrategy,SPY,buy,market,new,1,gtc,0.0,1,stock,,,
2022-10-07 09:30:00-04:00,MyStrategy,SPY,buy,market,fill,1,gtc,0.0,1,stock,368.9700012207031,1,0.0
2022-10-10 09:30:00-04:00,MyStrategy,SPY,buy,market,new,1,gtc,0.0,1,stock,,,
2022-10-10 09:30:00-04:00,MyStrategy,SPY,buy,market,fill,1,gtc,0.0,1,stock,358.239990234375,1,0.0
2022-10-11 09:30:00-04:00,MyStrategy,SPY,buy,market,new,1,gtc,0.0,1,stock,,,
2022-10-11 09:30:00-04:00,MyStrategy,SPY,buy,market,fill,1,gtc,0.0,1,stock,358.1700134277344,1,0.0
2022-10-12 09:30:00-04:00,MyStrategy,SPY,buy,market,new,1,gtc,0.0,1,stock,,,
2022-10-12 09:30:00-04:00,MyStrategy,SPY,buy,market,fill,1,gtc,0.0,1,stock,349.2099914550781,1,0.0
2022-10-13 09:30:00-04:00,MyStrategy,SPY,buy,market,new,1,gtc,0.0,1,stock,,,
2022-10-13 09:30:00-04:00,MyStrategy,SPY,buy,market,fill,1,gtc,0.0,1,stock,368.54998779296875,1,0.0
2022-10-14 09:30:00-04:00,MyStrategy,SPY,buy,market,new,1,gtc,0.0,1,stock,,,
2022-10-14 09:30:00-04:00,MyStrategy,SPY,buy,market,fill,1,gtc,0.0,1,stock,368.54998779296875,1,0.0
2022-10-17 09:30:00-04:00,MyStrategy,SPY,buy,market,new,1,gtc,0.0,1,stock,,,
2022-10-17 09:30:00-04:00,MyStrategy,SPY,buy,market,fill,1,gtc,0.0,1,stock,375.1300048828125,1,0.0
2022-10-18 09:30:00-04:00,MyStrategy,SPY,buy,market,new,1,gtc,0.0,1,stock,,,
2022-10-18 09:30:00-04:00,MyStrategy,SPY,buy,market,fill,1,gtc,0.0,1,stock,368.989990234375,1,0.0
2022-10-19 09:30:00-04:00,MyStrategy,SPY,buy,market,new,1,gtc,0.0,1,stock,,,
2022-10-19 09:30:00-04:00,MyStrategy,SPY,buy,market,fill,1,gtc,0.0,1,stock,368.0299987792969,1,0.0
2022-10-20 09:30:00-04:00,MyStrategy,SPY,buy,market,new,1,gtc,0.0,1,stock,,,
2022-10-20 09:30:00-04:00,MyStrategy,SPY,buy,market,fill,1,gtc,0.0,1,stock,365.1199951171875,1,0.0
2022-10-21 09:30:00-04:00,MyStrategy,SPY,buy,market,new,1,gtc,0.0,1,stock,,,
2022-10-21 09:30:00-04:00,MyStrategy,SPY,buy,market,fill,1,gtc,0.0,1,stock,365.1199951171875,1,0.0
2022-10-24 09:30:00-04:00,MyStrategy,SPY,buy,market,new,1,gtc,0.0,1,stock,,,
2022-10-24 09:30:00-04:00,MyStrategy,SPY,buy,market,fill,1,gtc,0.0,1,stock,378.7900085449219,1,0.0
2022-10-25 09:30:00-04:00,MyStrategy,SPY,buy,market,new,1,gtc,0.0,1,stock,,,
2022-10-25 09:30:00-04:00,MyStrategy,SPY,buy,market,fill,1,gtc,0.0,1,stock,381.6199951171875,1,0.0
2022-10-26 09:30:00-04:00,MyStrategy,SPY,buy,market,new,1,gtc,0.0,1,stock,,,
2022-10-26 09:30:00-04:00,MyStrategy,SPY,buy,market,fill,1,gtc,0.0,1,stock,383.07000732421875,1,0.0
2022-10-27 09:30:00-04:00,MyStrategy,SPY,buy,market,new,1,gtc,0.0,1,stock,,,
2022-10-27 09:30:00-04:00,MyStrategy,SPY,buy,market,fill,1,gtc,0.0,1,stock,379.8699951171875,1,0.0
2022-10-28 09:30:00-04:00,MyStrategy,SPY,buy,market,new,1,gtc,0.0,1,stock,,,
2022-10-28 09:30:00-04:00,MyStrategy,SPY,buy,market,fill,1,gtc,0.0,1,stock,379.8699951171875,1,0.0
2022-10-31 09:30:00-04:00,MyStrategy,SPY,buy,market,new,1,gtc,0.0,1,stock,,,
2022-10-31 09:30:00-04:00,MyStrategy,SPY,buy,market,fill,1,gtc,0.0,1,stock,390.1400146484375,1,0.0
2022-11-01 09:30:00-04:00,MyStrategy,SPY,buy,market,new,1,gtc,0.0,1,stock,,,
2022-11-01 09:30:00-04:00,MyStrategy,SPY,buy,market,fill,1,gtc,0.0,1,stock,383.8999938964844,1,0.0
2022-11-02 09:30:00-04:00,MyStrategy,SPY,buy,market,new,1,gtc,0.0,1,stock,,,
2022-11-02 09:30:00-04:00,MyStrategy,SPY,buy,market,fill,1,gtc,0.0,1,stock,371.4700012207031,1,0.0
2022-11-03 09:30:00-04:00,MyStrategy,SPY,buy,market,new,1,gtc,0.0,1,stock,,,
2022-11-03 09:30:00-04:00,MyStrategy,SPY,buy,market,fill,1,gtc,0.0,1,stock,377.0,1,0.0
2022-11-04 09:30:00-04:00,MyStrategy,SPY,buy,market,new,1,gtc,0.0,1,stock,,,
2022-11-04 09:30:00-04:00,MyStrategy,SPY,buy,market,fill,1,gtc,0.0,1,stock,377.0,1,0.0
2022-11-07 09:30:00-05:00,MyStrategy,SPY,buy,market,new,1,gtc,0.0,1,stock,,,
2022-11-07 09:30:00-05:00,MyStrategy,SPY,buy,market,fill,1,gtc,0.0,1,stock,377.7099914550781,1,0.0
2022-11-08 09:30:00-05:00,MyStrategy,SPY,buy,market,new,1,gtc,0.0,1,stock,,,
2022-11-08 09:30:00-05:00,MyStrategy,SPY,buy,market,fill,1,gtc,0.0,1,stock,381.1099853515625,1,0.0
2022-11-09 09:30:00-05:00,MyStrategy,SPY,buy,market,new,1,gtc,0.0,1,stock,,,
2022-11-09 09:30:00-05:00,MyStrategy,SPY,buy,market,fill,1,gtc,0.0,1,stock,379.92999267578125,1,0.0
2022-11-10 09:30:00-05:00,MyStrategy,SPY,buy,market,new,1,gtc,0.0,1,stock,,,
2022-11-10 09:30:00-05:00,MyStrategy,SPY,buy,market,fill,1,gtc,0.0,1,stock,388.04998779296875,1,0.0
2022-11-11 09:30:00-05:00,MyStrategy,SPY,buy,market,new,1,gtc,0.0,1,stock,,,
2022-11-11 09:30:00-05:00,MyStrategy,SPY,buy,market,fill,1,gtc,0.0,1,stock,395.5899963378906,1,0.0
2022-11-14 09:30:00-05:00,MyStrategy,SPY,buy,market,new,1,gtc,0.0,1,stock,,,
2022-11-14 09:30:00-05:00,MyStrategy,SPY,buy,market,fill,1,gtc,0.0,1,stock,396.6600036621094,1,0.0
2022-11-15 09:30:00-05:00,MyStrategy,SPY,buy,market,new,1,gtc,0.0,1,stock,,,
2022-11-15 09:30:00-05:00,MyStrategy,SPY,buy,market,fill,1,gtc,0.0,1,stock,401.1499938964844,1,0.0
2022-11-16 09:30:00-05:00,MyStrategy,SPY,buy,market,new,1,gtc,0.0,1,stock,,,
2022-11-16 09:30:00-05:00,MyStrategy,SPY,buy,market,fill,1,gtc,0.0,1,stock,396.7799987792969,1,0.0
2022-11-17 09:30:00-05:00,MyStrategy,SPY,buy,market,new,1,gtc,0.0,1,stock,,,
2022-11-17 09:30:00-05:00,MyStrategy,SPY,buy,market,fill,1,gtc,0.0,1,stock,390.4599914550781,1,0.0
2022-11-18 09:30:00-05:00,MyStrategy,SPY,buy,market,new,1,gtc,0.0,1,stock,,,
2022-11-18 09:30:00-05:00,MyStrategy,SPY,buy,market,fill,1,gtc,0.0,1,stock,397.739990234375,1,0.0
2022-11-21 09:30:00-05:00,MyStrategy,SPY,buy,market,new,1,gtc,0.0,1,stock,,,
2022-11-21 09:30:00-05:00,MyStrategy,SPY,buy,market,fill,1,gtc,0.0,1,stock,394.6400146484375,1,0.0
2022-11-22 09:30:00-05:00,MyStrategy,SPY,buy,market,new,1,gtc,0.0,1,stock,,,
2022-11-22 09:30:00-05:00,MyStrategy,SPY,buy,market,fill,1,gtc,0.0,1,stock,396.6300048828125,1,0.0
2022-11-23 09:30:00-05:00,MyStrategy,SPY,buy,market,new,1,gtc,0.0,1,stock,,,
2022-11-23 09:30:00-05:00,MyStrategy,SPY,buy,market,fill,1,gtc,0.0,1,stock,399.54998779296875,1,0.0
2022-11-25 09:30:00-05:00,MyStrategy,SPY,buy,market,new,1,gtc,0.0,1,stock,,,
2022-11-25 09:30:00-05:00,MyStrategy,SPY,buy,market,fill,1,gtc,0.0,1,stock,401.8299865722656,1,0.0
2022-11-28 09:30:00-05:00,MyStrategy,SPY,buy,market,new,1,gtc,0.0,1,stock,,,
2022-11-28 09:30:00-05:00,MyStrategy,SPY,buy,market,fill,1,gtc,0.0,1,stock,399.0899963378906,1,0.0
2022-11-29 09:30:00-05:00,MyStrategy,SPY,buy,market,new,1,gtc,0.0,1,stock,,,
2022-11-29 09:30:00-05:00,MyStrategy,SPY,buy,market,fill,1,gtc,0.0,1,stock,396.04998779296875,1,0.0
2022-11-30 09:30:00-05:00,MyStrategy,SPY,buy,market,new,1,gtc,0.0,1,stock,,,
2022-11-30 09:30:00-05:00,MyStrategy,SPY,buy,market,fill,1,gtc,0.0,1,stock,395.489990234375,1,0.0
2022-12-01 09:30:00-05:00,MyStrategy,SPY,buy,market,new,1,gtc,0.0,1,stock,,,
2022-12-01 09:30:00-05:00,MyStrategy,SPY,buy,market,fill,1,gtc,0.0,1,stock,408.7699890136719,1,0.0
2022-12-02 09:30:00-05:00,MyStrategy,SPY,buy,market,new,1,gtc,0.0,1,stock,,,
2022-12-02 09:30:00-05:00,MyStrategy,SPY,buy,market,fill,1,gtc,0.0,1,stock,402.25,1,0.0
2022-12-05 09:30:00-05:00,MyStrategy,SPY,buy,market,new,1,gtc,0.0,1,stock,,,
2022-12-05 09:30:00-05:00,MyStrategy,SPY,buy,market,fill,1,gtc,0.0,1,stock,403.95001220703125,1,0.0
2022-12-06 09:30:00-05:00,MyStrategy,SPY,buy,market,new,1,gtc,0.0,1,stock,,,
2022-12-06 09:30:00-05:00,MyStrategy,SPY,buy,market,fill,1,gtc,0.0,1,stock,399.4200134277344,1,0.0
2022-12-07 09:30:00-05:00,MyStrategy,SPY,buy,market,new,1,gtc,0.0,1,stock,,,
2022-12-07 09:30:00-05:00,MyStrategy,SPY,buy,market,fill,1,gtc,0.0,1,stock,392.94000244140625,1,0.0
2022-12-08 09:30:00-05:00,MyStrategy,SPY,buy,market,new,1,gtc,0.0,1,stock,,,
2022-12-08 09:30:00-05:00,MyStrategy,SPY,buy,market,fill,1,gtc,0.0,1,stock,395.1400146484375,1,0.0
2022-12-09 09:30:00-05:00,MyStrategy,SPY,buy,market,new,1,gtc,0.0,1,stock,,,
2022-12-09 09:30:00-05:00,MyStrategy,SPY,buy,market,fill,1,gtc,0.0,1,stock,394.94000244140625,1,0.0
2022-12-12 09:30:00-05:00,MyStrategy,SPY,buy,market,new,1,gtc,0.0,1,stock,,,
2022-12-12 09:30:00-05:00,MyStrategy,SPY,buy,market,fill,1,gtc,0.0,1,stock,394.1099853515625,1,0.0
2022-12-13 09:30:00-05:00,MyStrategy,SPY,buy,market,new,1,gtc,0.0,1,stock,,,
2022-12-13 09:30:00-05:00,MyStrategy,SPY,buy,market,fill,1,gtc,0.0,1,stock,410.2200012207031,1,0.0
2022-12-14 09:30:00-05:00,MyStrategy,SPY,buy,market,new,1,gtc,0.0,1,stock,,,
2022-12-14 09:30:00-05:00,MyStrategy,SPY,buy,market,fill,1,gtc,0.0,1,stock,401.6099853515625,1,0.0
2022-12-15 09:30:00-05:00,MyStrategy,SPY,buy,market,new,1,gtc,0.0,1,stock,,,
2022-12-15 09:30:00-05:00,MyStrategy,SPY,buy,market,fill,1,gtc,0.0,1,stock,394.29998779296875,1,0.0
2022-12-16 09:30:00-05:00,MyStrategy,SPY,buy,market,new,1,gtc,0.0,1,stock,,,
2022-12-16 09:30:00-05:00,MyStrategy,SPY,buy,market,fill,1,gtc,0.0,1,stock,385.17999267578125,1,0.0
2022-12-19 09:30:00-05:00,MyStrategy,SPY,buy,market,new,1,gtc,0.0,1,stock,,,
2022-12-19 09:30:00-05:00,MyStrategy,SPY,buy,market,fill,1,gtc,0.0,1,stock,383.4700012207031,1,0.0
2022-12-20 09:30:00-05:00,MyStrategy,SPY,buy,market,new,1,gtc,0.0,1,stock,,,
2022-12-20 09:30:00-05:00,MyStrategy,SPY,buy,market,fill,1,gtc,0.0,1,stock,379.2300109863281,1,0.0
2022-12-21 09:30:00-05:00,MyStrategy,SPY,buy,market,new,1,gtc,0.0,1,stock,,,
2022-12-21 09:30:00-05:00,MyStrategy,SPY,buy,market,fill,1,gtc,0.0,1,stock,383.25,1,0.0
2022-12-22 09:30:00-05:00,MyStrategy,SPY,buy,market,new,1,gtc,0.0,1,stock,,,
2022-12-22 09:30:00-05:00,MyStrategy,SPY,buy,market,fill,1,gtc,0.0,1,stock,383.04998779296875,1,0.0
2022-12-23 09:30:00-05:00,MyStrategy,SPY,buy,market,new,1,gtc,0.0,1,stock,,,
2022-12-23 09:30:00-05:00,MyStrategy,SPY,buy,market,fill,1,gtc,0.0,1,stock,379.6499938964844,1,0.0
2022-12-27 09:30:00-05:00,MyStrategy,SPY,buy,market,new,1,gtc,0.0,1,stock,,,
2022-12-27 09:30:00-05:00,MyStrategy,SPY,buy,market,fill,1,gtc,0.0,1,stock,382.7900085449219,1,0.0
2022-12-28 09:30:00-05:00,MyStrategy,SPY,buy,market,new,1,gtc,0.0,1,stock,,,
2022-12-28 09:30:00-05:00,MyStrategy,SPY,buy,market,fill,1,gtc,0.0,1,stock,381.3299865722656,1,0.0
2022-12-29 09:30:00-05:00,MyStrategy,SPY,buy,market,new,1,gtc,0.0,1,stock,,,
2022-12-29 09:30:00-05:00,MyStrategy,SPY,buy,market,fill,1,gtc,0.0,1,stock,379.6300048828125,1,0.0
2022-12-30 09:30:00-05:00,MyStrategy,SPY,buy,market,new,1,gtc,0.0,1,stock,,,
2022-12-30 09:30:00-05:00,MyStrategy,SPY,buy,market,fill,1,gtc,0.0,1,stock,380.6400146484375,1,0.0
2023-01-03 09:30:00-05:00,MyStrategy,SPY,buy,market,new,1,gtc,0.0,1,stock,,,
2023-01-03 09:30:00-05:00,MyStrategy,SPY,buy,market,fill,1,gtc,0.0,1,stock,384.3699951171875,1,0.0
2023-01-04 09:30:00-05:00,MyStrategy,SPY,buy,market,new,1,gtc,0.0,1,stock,,,
2023-01-04 09:30:00-05:00,MyStrategy,SPY,buy,market,fill,1,gtc,0.0,1,stock,383.17999267578125,1,0.0
2023-01-05 09:30:00-05:00,MyStrategy,SPY,buy,market,new,1,gtc,0.0,1,stock,,,
2023-01-05 09:30:00-05:00,MyStrategy,SPY,buy,market,fill,1,gtc,0.0,1,stock,381.7200012207031,1,0.0
2023-01-06 09:30:00-05:00,MyStrategy,SPY,buy,market,new,1,gtc,0.0,1,stock,,,
2023-01-06 09:30:00-05:00,MyStrategy,SPY,buy,market,fill,1,gtc,0.0,1,stock,382.6099853515625,1,0.0
2023-01-09 09:30:00-05:00,MyStrategy,SPY,buy,market,new,1,gtc,0.0,1,stock,,,
2023-01-09 09:30:00-05:00,MyStrategy,SPY,buy,market,fill,1,gtc,0.0,1,stock,390.3699951171875,1,0.0
2023-01-10 09:30:00-05:00,MyStrategy,SPY,buy,market,new,1,gtc,0.0,1,stock,,,
2023-01-10 09:30:00-05:00,MyStrategy,SPY,buy,market,fill,1,gtc,0.0,1,stock,387.25,1,0.0
2023-01-11 09:30:00-05:00,MyStrategy,SPY,buy,market,new,1,gtc,0.0,1,stock,,,
2023-01-11 09:30:00-05:00,MyStrategy,SPY,buy,market,fill,1,gtc,0.0,1,stock,392.2300109863281,1,0.0
2023-01-12 09:30:00-05:00,MyStrategy,SPY,buy,market,new,1,gtc,0.0,1,stock,,,
2023-01-12 09:30:00-05:00,MyStrategy,SPY,buy,market,fill,1,gtc,0.0,1,stock,396.6700134277344,1,0.0
2023-01-13 09:30:00-05:00,MyStrategy,SPY,buy,market,new,1,gtc,0.0,1,stock,,,
2023-01-13 09:30:00-05:00,MyStrategy,SPY,buy,market,fill,1,gtc,0.0,1,stock,393.6199951171875,1,0.0
2023-01-17 09:30:00-05:00,MyStrategy,SPY,buy,market,new,1,gtc,0.0,1,stock,,,
2023-01-17 09:30:00-05:00,MyStrategy,SPY,buy,market,fill,1,gtc,0.0,1,stock,398.4800109863281,1,0.0
2023-01-18 09:30:00-05:00,MyStrategy,SPY,buy,market,new,1,gtc,0.0,1,stock,,,
2023-01-18 09:30:00-05:00,MyStrategy,SPY,buy,market,fill,1,gtc,0.0,1,stock,399.010009765625,1,0.0
2023-01-19 09:30:00-05:00,MyStrategy,SPY,buy,market,new,1,gtc,0.0,1,stock,,,
2023-01-19 09:30:00-05:00,MyStrategy,SPY,buy,market,fill,1,gtc,0.0,1,stock,389.3599853515625,1,0.0
2023-01-20 09:30:00-05:00,MyStrategy,SPY,buy,market,new,1,gtc,0.0,1,stock,,,
2023-01-20 09:30:00-05:00,MyStrategy,SPY,buy,market,fill,1,gtc,0.0,1,stock,390.1000061035156,1,0.0
2023-01-23 09:30:00-05:00,MyStrategy,SPY,buy,market,new,1,gtc,0.0,1,stock,,,
2023-01-23 09:30:00-05:00,MyStrategy,SPY,buy,market,fill,1,gtc,0.0,1,stock,396.7200012207031,1,0.0
2023-01-24 09:30:00-05:00,MyStrategy,SPY,buy,market,new,1,gtc,0.0,1,stock,,,
2023-01-24 09:30:00-05:00,MyStrategy,SPY,buy,market,fill,1,gtc,0.0,1,stock,398.8800048828125,1,0.0
2023-01-25 09:30:00-05:00,MyStrategy,SPY,buy,market,new,1,gtc,0.0,1,stock,,,
2023-01-25 09:30:00-05:00,MyStrategy,SPY,buy,market,fill,1,gtc,0.0,1,stock,395.95001220703125,1,0.0
2023-01-26 09:30:00-05:00,MyStrategy,SPY,buy,market,new,1,gtc,0.0,1,stock,,,
2023-01-26 09:30:00-05:00,MyStrategy,SPY,buy,market,fill,1,gtc,0.0,1,stock,403.1300048828125,1,0.0
2023-01-27 09:30:00-05:00,MyStrategy,SPY,buy,market,new,1,gtc,0.0,1,stock,,,
2023-01-27 09:30:00-05:00,MyStrategy,SPY,buy,market,fill,1,gtc,0.0,1,stock,403.6600036621094,1,0.0
2023-01-30 09:30:00-05:00,MyStrategy,SPY,buy,market,new,1,gtc,0.0,1,stock,,,
2023-01-30 09:30:00-05:00,MyStrategy,SPY,buy,market,fill,1,gtc,0.0,1,stock,402.79998779296875,1,0.0
2023-01-31 09:30:00-05:00,MyStrategy,SPY,buy,market,new,1,gtc,0.0,1,stock,,,
2023-01-31 09:30:00-05:00,MyStrategy,SPY,buy,market,fill,1,gtc,0.0,1,stock,401.1300048828125,1,0.0
2023-02-01 09:30:00-05:00,MyStrategy,SPY,buy,market,new,1,gtc,0.0,1,stock,,,
2023-02-01 09:30:00-05:00,MyStrategy,SPY,buy,market,fill,1,gtc,0.0,1,stock,405.2099914550781,1,0.0
2023-02-02 09:30:00-05:00,MyStrategy,SPY,buy,market,new,1,gtc,0.0,1,stock,,,
2023-02-02 09:30:00-05:00,MyStrategy,SPY,buy,market,fill,1,gtc,0.0,1,stock,414.8599853515625,1,0.0
2023-02-03 09:30:00-05:00,MyStrategy,SPY,buy,market,new,1,gtc,0.0,1,stock,,,
2023-02-03 09:30:00-05:00,MyStrategy,SPY,buy,market,fill,1,gtc,0.0,1,stock,411.5899963378906,1,0.0
2023-02-06 09:30:00-05:00,MyStrategy,SPY,buy,market,new,1,gtc,0.0,1,stock,,,
2023-02-06 09:30:00-05:00,MyStrategy,SPY,buy,market,fill,1,gtc,0.0,1,stock,409.7900085449219,1,0.0
2023-02-07 09:30:00-05:00,MyStrategy,SPY,buy,market,new,1,gtc,0.0,1,stock,,,
2023-02-07 09:30:00-05:00,MyStrategy,SPY,buy,market,fill,1,gtc,0.0,1,stock,408.8699951171875,1,0.0
2023-02-08 09:30:00-05:00,MyStrategy,SPY,buy,market,new,1,gtc,0.0,1,stock,,,
2023-02-08 09:30:00-05:00,MyStrategy,SPY,buy,market,fill,1,gtc,0.0,1,stock,413.1300048828125,1,0.0
2023-02-09 09:30:00-05:00,MyStrategy,SPY,buy,market,new,1,gtc,0.0,1,stock,,,
2023-02-09 09:30:00-05:00,MyStrategy,SPY,buy,market,fill,1,gtc,0.0,1,stock,414.4100036621094,1,0.0
2023-02-10 09:30:00-05:00,MyStrategy,SPY,buy,market,new,1,gtc,0.0,1,stock,,,
2023-02-10 09:30:00-05:00,MyStrategy,SPY,buy,market,fill,1,gtc,0.0,1,stock,405.8599853515625,1,0.0
2023-02-13 09:30:00-05:00,MyStrategy,SPY,buy,market,new,1,gtc,0.0,1,stock,,,
2023-02-13 09:30:00-05:00,MyStrategy,SPY,buy,market,fill,1,gtc,0.0,1,stock,408.7200012207031,1,0.0
2023-02-14 09:30:00-05:00,MyStrategy,SPY,buy,market,new,1,gtc,0.0,1,stock,,,
2023-02-14 09:30:00-05:00,MyStrategy,SPY,buy,market,fill,1,gtc,0.0,1,stock,411.239990234375,1,0.0
2023-02-15 09:30:00-05:00,MyStrategy,SPY,buy,market,new,1,gtc,0.0,1,stock,,,
2023-02-15 09:30:00-05:00,MyStrategy,SPY,buy,market,fill,1,gtc,0.0,1,stock,410.3500061035156,1,0.0
2023-02-16 09:30:00-05:00,MyStrategy,SPY,buy,market,new,1,gtc,0.0,1,stock,,,
2023-02-16 09:30:00-05:00,MyStrategy,SPY,buy,market,fill,1,gtc,0.0,1,stock,408.7900085449219,1,0.0
2023-02-17 09:30:00-05:00,MyStrategy,SPY,buy,market,new,1,gtc,0.0,1,stock,,,
2023-02-17 09:30:00-05:00,MyStrategy,SPY,buy,market,fill,1,gtc,0.0,1,stock,406.05999755859375,1,0.0
2023-02-21 09:30:00-05:00,MyStrategy,SPY,buy,market,new,1,gtc,0.0,1,stock,,,
2023-02-21 09:30:00-05:00,MyStrategy,SPY,buy,market,fill,1,gtc,0.0,1,stock,403.05999755859375,1,0.0
2023-02-22 09:30:00-05:00,MyStrategy,SPY,buy,market,new,1,gtc,0.0,1,stock,,,
2023-02-22 09:30:00-05:00,MyStrategy,SPY,buy,market,fill,1,gtc,0.0,1,stock,399.5199890136719,1,0.0
2023-02-23 09:30:00-05:00,MyStrategy,SPY,buy,market,new,1,gtc,0.0,1,stock,,,
2023-02-23 09:30:00-05:00,MyStrategy,SPY,buy,market,fill,1,gtc,0.0,1,stock,401.55999755859375,1,0.0
2023-02-24 09:30:00-05:00,MyStrategy,SPY,buy,market,new,1,gtc,0.0,1,stock,,,
2023-02-24 09:30:00-05:00,MyStrategy,SPY,buy,market,fill,1,gtc,0.0,1,stock,395.4200134277344,1,0.0
2023-02-27 09:30:00-05:00,MyStrategy,SPY,buy,market,new,1,gtc,0.0,1,stock,,,
2023-02-27 09:30:00-05:00,MyStrategy,SPY,buy,market,fill,1,gtc,0.0,1,stock,399.8699951171875,1,0.0
2023-02-28 09:30:00-05:00,MyStrategy,SPY,buy,market,new,1,gtc,0.0,1,stock,,,
2023-02-28 09:30:00-05:00,MyStrategy,SPY,buy,market,fill,1,gtc,0.0,1,stock,397.2300109863281,1,0.0
2023-03-01 09:30:00-05:00,MyStrategy,SPY,buy,market,new,1,gtc,0.0,1,stock,,,
2023-03-01 09:30:00-05:00,MyStrategy,SPY,buy,market,fill,1,gtc,0.0,1,stock,395.4100036621094,1,0.0
2023-03-02 09:30:00-05:00,MyStrategy,SPY,buy,market,new,1,gtc,0.0,1,stock,,,
2023-03-02 09:30:00-05:00,MyStrategy,SPY,buy,market,fill,1,gtc,0.0,1,stock,392.67999267578125,1,0.0
2023-03-03 09:30:00-05:00,MyStrategy,SPY,buy,market,new,1,gtc,0.0,1,stock,,,
2023-03-03 09:30:00-05:00,MyStrategy,SPY,buy,market,fill,1,gtc,0.0,1,stock,399.7099914550781,1,0.0
2023-03-06 09:30:00-05:00,MyStrategy,SPY,buy,market,new,1,gtc,0.0,1,stock,,,
2023-03-06 09:30:00-05:00,MyStrategy,SPY,buy,market,fill,1,gtc,0.0,1,stock,405.04998779296875,1,0.0
2023-03-07 09:30:00-05:00,MyStrategy,SPY,buy,market,new,1,gtc,0.0,1,stock,,,
2023-03-07 09:30:00-05:00,MyStrategy,SPY,buy,market,fill,1,gtc,0.0,1,stock,404.4200134277344,1,0.0
2023-03-08 09:30:00-05:00,MyStrategy,SPY,buy,market,new,1,gtc,0.0,1,stock,,,
2023-03-08 09:30:00-05:00,MyStrategy,SPY,buy,market,fill,1,gtc,0.0,1,stock,398.3900146484375,1,0.0
2023-03-09 09:30:00-05:00,MyStrategy,SPY,buy,market,new,1,gtc,0.0,1,stock,,,
2023-03-09 09:30:00-05:00,MyStrategy,SPY,buy,market,fill,1,gtc,0.0,1,stock,399.739990234375,1,0.0
2023-03-10 09:30:00-05:00,MyStrategy,SPY,buy,market,new,1,gtc,0.0,1,stock,,,
2023-03-10 09:30:00-05:00,MyStrategy,SPY,buy,market,fill,1,gtc,0.0,1,stock,390.989990234375,1,0.0
2023-03-13 09:30:00-04:00,MyStrategy,SPY,buy,market,new,1,gtc,0.0,1,stock,,,
2023-03-13 09:30:00-04:00,MyStrategy,SPY,buy,market,fill,1,gtc,0.0,1,stock,390.5,1,0.0
2023-03-14 09:30:00-04:00,MyStrategy,SPY,buy,market,new,1,gtc,0.0,1,stock,,,
2023-03-14 09:30:00-04:00,MyStrategy,SPY,buy,market,fill,1,gtc,0.0,1,stock,385.8900146484375,1,0.0
2023-03-15 09:30:00-04:00,MyStrategy,SPY,buy,market,new,1,gtc,0.0,1,stock,,,
2023-03-15 09:30:00-04:00,MyStrategy,SPY,buy,market,fill,1,gtc,0.0,1,stock,386.82000732421875,1,0.0
2023-03-16 09:30:00-04:00,MyStrategy,SPY,buy,market,new,1,gtc,0.0,1,stock,,,
2023-03-16 09:30:00-04:00,MyStrategy,SPY,buy,market,fill,1,gtc,0.0,1,stock,393.2200012207031,1,0.0
2023-03-17 09:30:00-04:00,MyStrategy,SPY,buy,market,new,1,gtc,0.0,1,stock,,,
2023-03-17 09:30:00-04:00,MyStrategy,SPY,buy,market,fill,1,gtc,0.0,1,stock,393.2200012207031,1,0.0
2023-03-20 09:30:00-04:00,MyStrategy,SPY,buy,market,new,1,gtc,0.0,1,stock,,,
2023-03-20 09:30:00-04:00,MyStrategy,SPY,buy,market,fill,1,gtc,0.0,1,stock,397.239990234375,1,0.0
2023-03-21 09:30:00-04:00,MyStrategy,SPY,buy,market,new,1,gtc,0.0,1,stock,,,
2023-03-21 09:30:00-04:00,MyStrategy,SPY,buy,market,fill,1,gtc,0.0,1,stock,398.7300109863281,1,0.0
2023-03-22 09:30:00-04:00,MyStrategy,SPY,buy,market,new,1,gtc,0.0,1,stock,,,
2023-03-22 09:30:00-04:00,MyStrategy,SPY,buy,market,fill,1,gtc,0.0,1,stock,395.0899963378906,1,0.0
2023-03-23 09:30:00-04:00,MyStrategy,SPY,buy,market,new,1,gtc,0.0,1,stock,,,
2023-03-23 09:30:00-04:00,MyStrategy,SPY,buy,market,fill,1,gtc,0.0,1,stock,391.8399963378906,1,0.0
2023-03-24 09:30:00-04:00,MyStrategy,SPY,buy,market,new,1,gtc,0.0,1,stock,,,
2023-03-24 09:30:00-04:00,MyStrategy,SPY,buy,market,fill,1,gtc,0.0,1,stock,391.8399963378906,1,0.0
2023-03-27 09:30:00-04:00,MyStrategy,SPY,buy,market,new,1,gtc,0.0,1,stock,,,
2023-03-27 09:30:00-04:00,MyStrategy,SPY,buy,market,fill,1,gtc,0.0,1,stock,395.7699890136719,1,0.0
2023-03-28 09:30:00-04:00,MyStrategy,SPY,buy,market,new,1,gtc,0.0,1,stock,,,
2023-03-28 09:30:00-04:00,MyStrategy,SPY,buy,market,fill,1,gtc,0.0,1,stock,399.92999267578125,1,0.0
2023-03-29 09:30:00-04:00,MyStrategy,SPY,buy,market,new,1,gtc,0.0,1,stock,,,
2023-03-29 09:30:00-04:00,MyStrategy,SPY,buy,market,fill,1,gtc,0.0,1,stock,404.0899963378906,1,0.0
2023-03-30 09:30:00-04:00,MyStrategy,SPY,buy,market,new,1,gtc,0.0,1,stock,,,
2023-03-30 09:30:00-04:00,MyStrategy,SPY,buy,market,fill,1,gtc,0.0,1,stock,404.6600036621094,1,0.0
2023-03-31 09:30:00-04:00,MyStrategy,SPY,buy,market,new,1,gtc,0.0,1,stock,,,
2023-03-31 09:30:00-04:00,MyStrategy,SPY,buy,market,fill,1,gtc,0.0,1,stock,404.6600036621094,1,0.0
2023-04-03 09:30:00-04:00,MyStrategy,SPY,buy,market,new,1,gtc,0.0,1,stock,,,
2023-04-03 09:30:00-04:00,MyStrategy,SPY,buy,market,fill,1,gtc,0.0,1,stock,411.6199951171875,1,0.0
2023-04-04 09:30:00-04:00,MyStrategy,SPY,buy,market,new,1,gtc,0.0,1,stock,,,
2023-04-04 09:30:00-04:00,MyStrategy,SPY,buy,market,fill,1,gtc,0.0,1,stock,407.9100036621094,1,0.0
2023-04-05 09:30:00-04:00,MyStrategy,SPY,buy,market,new,1,gtc,0.0,1,stock,,,
2023-04-05 09:30:00-04:00,MyStrategy,SPY,buy,market,fill,1,gtc,0.0,1,stock,406.7699890136719,1,0.0
2023-04-06 09:30:00-04:00,MyStrategy,SPY,buy,market,new,1,gtc,0.0,1,stock,,,
2023-04-06 09:30:00-04:00,MyStrategy,SPY,buy,market,fill,1,gtc,0.0,1,stock,406.7699890136719,1,0.0
2023-04-10 09:30:00-04:00,MyStrategy,SPY,buy,market,new,1,gtc,0.0,1,stock,,,
2023-04-10 09:30:00-04:00,MyStrategy,SPY,buy,market,fill,1,gtc,0.0,1,stock,410.260009765625,1,0.0
2023-04-11 09:30:00-04:00,MyStrategy,SPY,buy,market,new,1,gtc,0.0,1,stock,,,
2023-04-11 09:30:00-04:00,MyStrategy,SPY,buy,market,fill,1,gtc,0.0,1,stock,411.8699951171875,1,0.0
2023-04-12 09:30:00-04:00,MyStrategy,SPY,buy,market,new,1,gtc,0.0,1,stock,,,
2023-04-12 09:30:00-04:00,MyStrategy,SPY,buy,market,fill,1,gtc,0.0,1,stock,409.17999267578125,1,0.0
2023-04-13 09:30:00-04:00,MyStrategy,SPY,buy,market,new,1,gtc,0.0,1,stock,,,
2023-04-13 09:30:00-04:00,MyStrategy,SPY,buy,market,fill,1,gtc,0.0,1,stock,412.80999755859375,1,0.0
2023-04-14 09:30:00-04:00,MyStrategy,SPY,buy,market,new,1,gtc,0.0,1,stock,,,
2023-04-14 09:30:00-04:00,MyStrategy,SPY,buy,market,fill,1,gtc,0.0,1,stock,412.80999755859375,1,0.0
2023-04-17 09:30:00-04:00,MyStrategy,SPY,buy,market,new,1,gtc,0.0,1,stock,,,
2023-04-17 09:30:00-04:00,MyStrategy,SPY,buy,market,fill,1,gtc,0.0,1,stock,415.5799865722656,1,0.0
2023-04-18 09:30:00-04:00,MyStrategy,SPY,buy,market,new,1,gtc,0.0,1,stock,,,
2023-04-18 09:30:00-04:00,MyStrategy,SPY,buy,market,fill,1,gtc,0.0,1,stock,412.2200012207031,1,0.0
2023-04-19 09:30:00-04:00,MyStrategy,SPY,buy,market,new,1,gtc,0.0,1,stock,,,
2023-04-19 09:30:00-04:00,MyStrategy,SPY,buy,market,fill,1,gtc,0.0,1,stock,411.2099914550781,1,0.0
2023-04-20 09:30:00-04:00,MyStrategy,SPY,buy,market,new,1,gtc,0.0,1,stock,,,
2023-04-20 09:30:00-04:00,MyStrategy,SPY,buy,market,fill,1,gtc,0.0,1,stock,412.19000244140625,1,0.0
2023-04-21 09:30:00-04:00,MyStrategy,SPY,buy,market,new,1,gtc,0.0,1,stock,,,
2023-04-21 09:30:00-04:00,MyStrategy,SPY,buy,market,fill,1,gtc,0.0,1,stock,412.19000244140625,1,0.0
2023-04-24 09:30:00-04:00,MyStrategy,SPY,buy,market,new,1,gtc,0.0,1,stock,,,
2023-04-24 09:30:00-04:00,MyStrategy,SPY,buy,market,fill,1,gtc,0.0,1,stock,410.5799865722656,1,0.0
2023-04-25 09:30:00-04:00,MyStrategy,SPY,buy,market,new,1,gtc,0.0,1,stock,,,
2023-04-25 09:30:00-04:00,MyStrategy,SPY,buy,market,fill,1,gtc,0.0,1,stock,406.7200012207031,1,0.0
2023-04-26 09:30:00-04:00,MyStrategy,SPY,buy,market,new,1,gtc,0.0,1,stock,,,
2023-04-26 09:30:00-04:00,MyStrategy,SPY,buy,market,fill,1,gtc,0.0,1,stock,407.0,1,0.0
2023-04-27 09:30:00-04:00,MyStrategy,SPY,buy,market,new,1,gtc,0.0,1,stock,,,
2023-04-27 09:30:00-04:00,MyStrategy,SPY,buy,market,fill,1,gtc,0.0,1,stock,411.489990234375,1,0.0
2023-04-28 09:30:00-04:00,MyStrategy,SPY,buy,market,new,1,gtc,0.0,1,stock,,,
2023-04-28 09:30:00-04:00,MyStrategy,SPY,buy,market,fill,1,gtc,0.0,1,stock,411.489990234375,1,0.0
2023-05-01 09:30:00-04:00,MyStrategy,SPY,buy,market,new,1,gtc,0.0,1,stock,,,
2023-05-01 09:30:00-04:00,MyStrategy,SPY,buy,market,fill,1,gtc,0.0,1,stock,414.7699890136719,1,0.0
2023-05-02 09:30:00-04:00,MyStrategy,SPY,buy,market,new,1,gtc,0.0,1,stock,,,
2023-05-02 09:30:00-04:00,MyStrategy,SPY,buy,market,fill,1,gtc,0.0,1,stock,411.3599853515625,1,0.0
2023-05-03 09:30:00-04:00,MyStrategy,SPY,buy,market,new,1,gtc,0.0,1,stock,,,
2023-05-03 09:30:00-04:00,MyStrategy,SPY,buy,market,fill,1,gtc,0.0,1,stock,406.92999267578125,1,0.0
2023-05-04 09:30:00-04:00,MyStrategy,SPY,buy,market,new,1,gtc,0.0,1,stock,,,
2023-05-04 09:30:00-04:00,MyStrategy,SPY,buy,market,fill,1,gtc,0.0,1,stock,408.9100036621094,1,0.0
2023-05-05 09:30:00-04:00,MyStrategy,SPY,buy,market,new,1,gtc,0.0,1,stock,,,
2023-05-05 09:30:00-04:00,MyStrategy,SPY,buy,market,fill,1,gtc,0.0,1,stock,408.9100036621094,1,0.0
2023-05-08 09:30:00-04:00,MyStrategy,SPY,buy,market,new,1,gtc,0.0,1,stock,,,
2023-05-08 09:30:00-04:00,MyStrategy,SPY,buy,market,fill,1,gtc,0.0,1,stock,411.1300048828125,1,0.0
2023-05-09 09:30:00-04:00,MyStrategy,SPY,buy,market,new,1,gtc,0.0,1,stock,,,
2023-05-09 09:30:00-04:00,MyStrategy,SPY,buy,market,fill,1,gtc,0.0,1,stock,413.8800048828125,1,0.0
2023-05-10 09:30:00-04:00,MyStrategy,SPY,buy,market,new,1,gtc,0.0,1,stock,,,
2023-05-10 09:30:00-04:00,MyStrategy,SPY,buy,market,fill,1,gtc,0.0,1,stock,411.95001220703125,1,0.0
2023-05-11 09:30:00-04:00,MyStrategy,SPY,buy,market,new,1,gtc,0.0,1,stock,,,
2023-05-11 09:30:00-04:00,MyStrategy,SPY,buy,market,fill,1,gtc,0.0,1,stock,413.4200134277344,1,0.0
2023-05-12 09:30:00-04:00,MyStrategy,SPY,buy,market,new,1,gtc,0.0,1,stock,,,
2023-05-12 09:30:00-04:00,MyStrategy,SPY,buy,market,fill,1,gtc,0.0,1,stock,413.4200134277344,1,0.0
2023-05-15 09:30:00-04:00,MyStrategy,SPY,buy,market,new,1,gtc,0.0,1,stock,,,
2023-05-15 09:30:00-04:00,MyStrategy,SPY,buy,market,fill,1,gtc,0.0,1,stock,411.8599853515625,1,0.0
2023-05-16 09:30:00-04:00,MyStrategy,SPY,buy,market,new,1,gtc,0.0,1,stock,,,
2023-05-16 09:30:00-04:00,MyStrategy,SPY,buy,market,fill,1,gtc,0.0,1,stock,412.3500061035156,1,0.0
2023-05-17 09:30:00-04:00,MyStrategy,SPY,buy,market,new,1,gtc,0.0,1,stock,,,
2023-05-17 09:30:00-04:00,MyStrategy,SPY,buy,market,fill,1,gtc,0.0,1,stock,414.8999938964844,1,0.0
2023-05-18 09:30:00-04:00,MyStrategy,SPY,buy,market,new,1,gtc,0.0,1,stock,,,
2023-05-18 09:30:00-04:00,MyStrategy,SPY,buy,market,fill,1,gtc,0.0,1,stock,420.1700134277344,1,0.0
2023-05-19 09:30:00-04:00,MyStrategy,SPY,buy,market,new,1,gtc,0.0,1,stock,,,
2023-05-19 09:30:00-04:00,MyStrategy,SPY,buy,market,fill,1,gtc,0.0,1,stock,420.1700134277344,1,0.0
2023-05-22 09:30:00-04:00,MyStrategy,SPY,buy,market,new,1,gtc,0.0,1,stock,,,
2023-05-22 09:30:00-04:00,MyStrategy,SPY,buy,market,fill,1,gtc,0.0,1,stock,417.0799865722656,1,0.0
2023-05-23 09:30:00-04:00,MyStrategy,SPY,buy,market,new,1,gtc,0.0,1,stock,,,
2023-05-23 09:30:00-04:00,MyStrategy,SPY,buy,market,fill,1,gtc,0.0,1,stock,412.4200134277344,1,0.0
2023-05-24 09:30:00-04:00,MyStrategy,SPY,buy,market,new,1,gtc,0.0,1,stock,,,
2023-05-24 09:30:00-04:00,MyStrategy,SPY,buy,market,fill,1,gtc,0.0,1,stock,414.739990234375,1,0.0
2023-05-25 09:30:00-04:00,MyStrategy,SPY,buy,market,new,1,gtc,0.0,1,stock,,,
2023-05-25 09:30:00-04:00,MyStrategy,SPY,buy,market,fill,1,gtc,0.0,1,stock,415.3299865722656,1,0.0
2023-05-26 09:30:00-04:00,MyStrategy,SPY,buy,market,new,1,gtc,0.0,1,stock,,,
2023-05-26 09:30:00-04:00,MyStrategy,SPY,buy,market,fill,1,gtc,0.0,1,stock,415.3299865722656,1,0.0
2023-05-30 09:30:00-04:00,MyStrategy,SPY,buy,market,new,1,gtc,0.0,1,stock,,,
2023-05-30 09:30:00-04:00,MyStrategy,SPY,buy,market,fill,1,gtc,0.0,1,stock,418.2799987792969,1,0.0
2023-05-31 09:30:00-04:00,MyStrategy,SPY,buy,market,new,1,gtc,0.0,1,stock,,,
2023-05-31 09:30:00-04:00,MyStrategy,SPY,buy,market,fill,1,gtc,0.0,1,stock,418.0899963378906,1,0.0
2023-06-01 09:30:00-04:00,MyStrategy,SPY,buy,market,new,1,gtc,0.0,1,stock,,,
2023-06-01 09:30:00-04:00,MyStrategy,SPY,buy,market,fill,1,gtc,0.0,1,stock,424.5,1,0.0
2023-06-02 09:30:00-04:00,MyStrategy,SPY,buy,market,new,1,gtc,0.0,1,stock,,,
2023-06-02 09:30:00-04:00,MyStrategy,SPY,buy,market,fill,1,gtc,0.0,1,stock,424.5,1,0.0
2023-06-05 09:30:00-04:00,MyStrategy,SPY,buy,market,new,1,gtc,0.0,1,stock,,,
2023-06-05 09:30:00-04:00,MyStrategy,SPY,buy,market,fill,1,gtc,0.0,1,stock,426.6700134277344,1,0.0
2023-06-06 09:30:00-04:00,MyStrategy,SPY,buy,market,new,1,gtc,0.0,1,stock,,,
2023-06-06 09:30:00-04:00,MyStrategy,SPY,buy,market,fill,1,gtc,0.0,1,stock,428.44000244140625,1,0.0
2023-06-07 09:30:00-04:00,MyStrategy,SPY,buy,market,new,1,gtc,0.0,1,stock,,,
2023-06-07 09:30:00-04:00,MyStrategy,SPY,buy,market,fill,1,gtc,0.0,1,stock,426.6199951171875,1,0.0
2023-06-08 09:30:00-04:00,MyStrategy,SPY,buy,market,new,1,gtc,0.0,1,stock,,,
2023-06-08 09:30:00-04:00,MyStrategy,SPY,buy,market,fill,1,gtc,0.0,1,stock,429.9599914550781,1,0.0
2023-06-09 09:30:00-04:00,MyStrategy,SPY,buy,market,new,1,gtc,0.0,1,stock,,,
2023-06-09 09:30:00-04:00,MyStrategy,SPY,buy,market,fill,1,gtc,0.0,1,stock,429.9599914550781,1,0.0
2023-06-12 09:30:00-04:00,MyStrategy,SPY,buy,market,new,1,gtc,0.0,1,stock,,,
2023-06-12 09:30:00-04:00,MyStrategy,SPY,buy,market,fill,1,gtc,0.0,1,stock,435.32000732421875,1,0.0
2023-06-13 09:30:00-04:00,MyStrategy,SPY,buy,market,new,1,gtc,0.0,1,stock,,,
2023-06-13 09:30:00-04:00,MyStrategy,SPY,buy,market,fill,1,gtc,0.0,1,stock,437.010009765625,1,0.0
2023-06-14 09:30:00-04:00,MyStrategy,SPY,buy,market,new,1,gtc,0.0,1,stock,,,
2023-06-14 09:30:00-04:00,MyStrategy,SPY,buy,market,fill,1,gtc,0.0,1,stock,436.3299865722656,1,0.0
2023-06-15 09:30:00-04:00,MyStrategy,SPY,buy,market,new,1,gtc,0.0,1,stock,,,
2023-06-15 09:30:00-04:00,MyStrategy,SPY,buy,market,fill,1,gtc,0.0,1,stock,443.0199890136719,1,0.0
2023-06-16 09:30:00-04:00,MyStrategy,SPY,buy,market,new,1,gtc,0.0,1,stock,,,
2023-06-16 09:30:00-04:00,MyStrategy,SPY,buy,market,fill,1,gtc,0.0,1,stock,443.0199890136719,1,0.0
2023-06-20 09:30:00-04:00,MyStrategy,SPY,buy,market,new,1,gtc,0.0,1,stock,,,
2023-06-20 09:30:00-04:00,MyStrategy,SPY,buy,market,fill,1,gtc,0.0,1,stock,436.1600036621094,1,0.0
2023-06-21 09:30:00-04:00,MyStrategy,SPY,buy,market,new,1,gtc,0.0,1,stock,,,
2023-06-21 09:30:00-04:00,MyStrategy,SPY,buy,market,fill,1,gtc,0.0,1,stock,433.95001220703125,1,0.0
2023-06-22 09:30:00-04:00,MyStrategy,SPY,buy,market,new,1,gtc,0.0,1,stock,,,
2023-06-22 09:30:00-04:00,MyStrategy,SPY,buy,market,fill,1,gtc,0.0,1,stock,432.92999267578125,1,0.0
2023-06-23 09:30:00-04:00,MyStrategy,SPY,buy,market,new,1,gtc,0.0,1,stock,,,
2023-06-23 09:30:00-04:00,MyStrategy,SPY,buy,market,fill,1,gtc,0.0,1,stock,432.92999267578125,1,0.0
2023-06-26 09:30:00-04:00,MyStrategy,SPY,buy,market,new,1,gtc,0.0,1,stock,,,
2023-06-26 09:30:00-04:00,MyStrategy,SPY,buy,market,fill,1,gtc,0.0,1,stock,432.3500061035156,1,0.0
2023-06-27 09:30:00-04:00,MyStrategy,SPY,buy,market,new,1,gtc,0.0,1,stock,,,
2023-06-27 09:30:00-04:00,MyStrategy,SPY,buy,market,fill,1,gtc,0.0,1,stock,435.04998779296875,1,0.0
2023-06-28 09:30:00-04:00,MyStrategy,SPY,buy,market,new,1,gtc,0.0,1,stock,,,
2023-06-28 09:30:00-04:00,MyStrategy,SPY,buy,market,fill,1,gtc,0.0,1,stock,435.9599914550781,1,0.0
2023-06-29 09:30:00-04:00,MyStrategy,SPY,buy,market,new,1,gtc,0.0,1,stock,,,
2023-06-29 09:30:00-04:00,MyStrategy,SPY,buy,market,fill,1,gtc,0.0,1,stock,441.44000244140625,1,0.0
2023-06-30 09:30:00-04:00,MyStrategy,SPY,buy,market,new,1,gtc,0.0,1,stock,,,
2023-06-30 09:30:00-04:00,MyStrategy,SPY,buy,market,fill,1,gtc,0.0,1,stock,441.44000244140625,1,0.0
2023-07-03 09:30:00-04:00,MyStrategy,SPY,buy,market,new,1,gtc,0.0,1,stock,,,
2023-07-03 09:30:00-04:00,MyStrategy,SPY,buy,market,fill,1,gtc,0.0,1,stock,442.9200134277344,1,0.0
2023-07-05 09:30:00-04:00,MyStrategy,SPY,buy,market,new,1,gtc,0.0,1,stock,,,
2023-07-05 09:30:00-04:00,MyStrategy,SPY,buy,market,fill,1,gtc,0.0,1,stock,439.4200134277344,1,0.0
2023-07-06 09:30:00-04:00,MyStrategy,SPY,buy,market,new,1,gtc,0.0,1,stock,,,
2023-07-06 09:30:00-04:00,MyStrategy,SPY,buy,market,fill,1,gtc,0.0,1,stock,438.6300048828125,1,0.0
2023-07-07 09:30:00-04:00,MyStrategy,SPY,buy,market,new,1,gtc,0.0,1,stock,,,
2023-07-07 09:30:00-04:00,MyStrategy,SPY,buy,market,fill,1,gtc,0.0,1,stock,438.6300048828125,1,0.0
2023-07-10 09:30:00-04:00,MyStrategy,SPY,buy,market,new,1,gtc,0.0,1,stock,,,
2023-07-10 09:30:00-04:00,MyStrategy,SPY,buy,market,fill,1,gtc,0.0,1,stock,440.45001220703125,1,0.0
2023-07-11 09:30:00-04:00,MyStrategy,SPY,buy,market,new,1,gtc,0.0,1,stock,,,
2023-07-11 09:30:00-04:00,MyStrategy,SPY,buy,market,fill,1,gtc,0.0,1,stock,446.3900146484375,1,0.0
2023-07-12 09:30:00-04:00,MyStrategy,SPY,buy,market,new,1,gtc,0.0,1,stock,,,
2023-07-12 09:30:00-04:00,MyStrategy,SPY,buy,market,fill,1,gtc,0.0,1,stock,447.8999938964844,1,0.0
2023-07-13 09:30:00-04:00,MyStrategy,SPY,buy,market,new,1,gtc,0.0,1,stock,,,
2023-07-13 09:30:00-04:00,MyStrategy,SPY,buy,market,fill,1,gtc,0.0,1,stock,450.4800109863281,1,0.0
2023-07-14 09:30:00-04:00,MyStrategy,SPY,buy,market,new,1,gtc,0.0,1,stock,,,
2023-07-14 09:30:00-04:00,MyStrategy,SPY,buy,market,fill,1,gtc,0.0,1,stock,450.4800109863281,1,0.0
2023-07-17 09:30:00-04:00,MyStrategy,SPY,buy,market,new,1,gtc,0.0,1,stock,,,
2023-07-17 09:30:00-04:00,MyStrategy,SPY,buy,market,fill,1,gtc,0.0,1,stock,450.5,1,0.0
2023-07-18 09:30:00-04:00,MyStrategy,SPY,buy,market,new,1,gtc,0.0,1,stock,,,
2023-07-18 09:30:00-04:00,MyStrategy,SPY,buy,market,fill,1,gtc,0.0,1,stock,455.010009765625,1,0.0
2023-07-19 09:30:00-04:00,MyStrategy,SPY,buy,market,new,1,gtc,0.0,1,stock,,,
2023-07-19 09:30:00-04:00,MyStrategy,SPY,buy,market,fill,1,gtc,0.0,1,stock,454.1700134277344,1,0.0
2023-07-20 09:30:00-04:00,MyStrategy,SPY,buy,market,new,1,gtc,0.0,1,stock,,,
2023-07-20 09:30:00-04:00,MyStrategy,SPY,buy,market,fill,1,gtc,0.0,1,stock,453.9599914550781,1,0.0
2023-07-21 09:30:00-04:00,MyStrategy,SPY,buy,market,new,1,gtc,0.0,1,stock,,,
2023-07-21 09:30:00-04:00,MyStrategy,SPY,buy,market,fill,1,gtc,0.0,1,stock,453.9599914550781,1,0.0
2023-07-24 09:30:00-04:00,MyStrategy,SPY,buy,market,new,1,gtc,0.0,1,stock,,,
2023-07-24 09:30:00-04:00,MyStrategy,SPY,buy,market,fill,1,gtc,0.0,1,stock,453.9200134277344,1,0.0
2023-07-25 09:30:00-04:00,MyStrategy,SPY,buy,market,new,1,gtc,0.0,1,stock,,,
2023-07-25 09:30:00-04:00,MyStrategy,SPY,buy,market,fill,1,gtc,0.0,1,stock,454.4700012207031,1,0.0
2023-07-26 09:30:00-04:00,MyStrategy,SPY,buy,market,new,1,gtc,0.0,1,stock,,,
2023-07-26 09:30:00-04:00,MyStrategy,SPY,buy,market,fill,1,gtc,0.0,1,stock,459.0199890136719,1,0.0
2023-07-27 09:30:00-04:00,MyStrategy,SPY,buy,market,new,1,gtc,0.0,1,stock,,,
2023-07-27 09:30:00-04:00,MyStrategy,SPY,buy,market,fill,1,gtc,0.0,1,stock,455.8800048828125,1,0.0
2023-07-28 09:30:00-04:00,MyStrategy,SPY,buy,market,new,1,gtc,0.0,1,stock,,,
2023-07-28 09:30:00-04:00,MyStrategy,SPY,buy,market,fill,1,gtc,0.0,1,stock,455.8800048828125,1,0.0
2023-07-31 09:30:00-04:00,MyStrategy,SPY,buy,market,new,1,gtc,0.0,1,stock,,,
2023-07-31 09:30:00-04:00,MyStrategy,SPY,buy,market,fill,1,gtc,0.0,1,stock,456.2699890136719,1,0.0
2023-08-01 09:30:00-04:00,MyStrategy,SPY,buy,market,new,1,gtc,0.0,1,stock,,,
2023-08-01 09:30:00-04:00,MyStrategy,SPY,buy,market,fill,1,gtc,0.0,1,stock,453.25,1,0.0
2023-08-02 09:30:00-04:00,MyStrategy,SPY,buy,market,new,1,gtc,0.0,1,stock,,,
2023-08-02 09:30:00-04:00,MyStrategy,SPY,buy,market,fill,1,gtc,0.0,1,stock,448.0400085449219,1,0.0
2023-08-03 09:30:00-04:00,MyStrategy,SPY,buy,market,new,1,gtc,0.0,1,stock,,,
2023-08-03 09:30:00-04:00,MyStrategy,SPY,buy,market,fill,1,gtc,0.0,1,stock,450.7200012207031,1,0.0
2023-08-04 09:30:00-04:00,MyStrategy,SPY,buy,market,new,1,gtc,0.0,1,stock,,,
2023-08-04 09:30:00-04:00,MyStrategy,SPY,buy,market,fill,1,gtc,0.0,1,stock,450.7200012207031,1,0.0
2023-08-07 09:30:00-04:00,MyStrategy,SPY,buy,market,new,1,gtc,0.0,1,stock,,,
2023-08-07 09:30:00-04:00,MyStrategy,SPY,buy,market,fill,1,gtc,0.0,1,stock,448.0799865722656,1,0.0
2023-08-08 09:30:00-04:00,MyStrategy,SPY,buy,market,new,1,gtc,0.0,1,stock,,,
2023-08-08 09:30:00-04:00,MyStrategy,SPY,buy,market,fill,1,gtc,0.0,1,stock,449.0299987792969,1,0.0
2023-08-09 09:30:00-04:00,MyStrategy,SPY,buy,market,new,1,gtc,0.0,1,stock,,,
2023-08-09 09:30:00-04:00,MyStrategy,SPY,buy,market,fill,1,gtc,0.0,1,stock,448.19000244140625,1,0.0
2023-08-10 09:30:00-04:00,MyStrategy,SPY,buy,market,new,1,gtc,0.0,1,stock,,,
2023-08-10 09:30:00-04:00,MyStrategy,SPY,buy,market,fill,1,gtc,0.0,1,stock,443.9700012207031,1,0.0
2023-08-11 09:30:00-04:00,MyStrategy,SPY,buy,market,new,1,gtc,0.0,1,stock,,,
2023-08-11 09:30:00-04:00,MyStrategy,SPY,buy,market,fill,1,gtc,0.0,1,stock,443.9700012207031,1,0.0
2023-08-14 09:30:00-04:00,MyStrategy,SPY,buy,market,new,1,gtc,0.0,1,stock,,,
2023-08-14 09:30:00-04:00,MyStrategy,SPY,buy,market,fill,1,gtc,0.0,1,stock,446.2699890136719,1,0.0
2023-08-15 09:30:00-04:00,MyStrategy,SPY,buy,market,new,1,gtc,0.0,1,stock,,,
2023-08-15 09:30:00-04:00,MyStrategy,SPY,buy,market,fill,1,gtc,0.0,1,stock,442.4599914550781,1,0.0
2023-08-16 09:30:00-04:00,MyStrategy,SPY,buy,market,new,1,gtc,0.0,1,stock,,,
2023-08-16 09:30:00-04:00,MyStrategy,SPY,buy,market,fill,1,gtc,0.0,1,stock,441.1600036621094,1,0.0
2023-08-17 09:30:00-04:00,MyStrategy,SPY,buy,market,new,1,gtc,0.0,1,stock,,,
2023-08-17 09:30:00-04:00,MyStrategy,SPY,buy,market,fill,1,gtc,0.0,1,stock,433.3699951171875,1,0.0
2023-08-18 09:30:00-04:00,MyStrategy,SPY,buy,market,new,1,gtc,0.0,1,stock,,,
2023-08-18 09:30:00-04:00,MyStrategy,SPY,buy,market,fill,1,gtc,0.0,1,stock,433.3699951171875,1,0.0
2023-08-21 09:30:00-04:00,MyStrategy,SPY,buy,market,new,1,gtc,0.0,1,stock,,,
2023-08-21 09:30:00-04:00,MyStrategy,SPY,buy,market,fill,1,gtc,0.0,1,stock,441.17999267578125,1,0.0
2023-08-22 09:30:00-04:00,MyStrategy,SPY,buy,market,new,1,gtc,0.0,1,stock,,,
2023-08-22 09:30:00-04:00,MyStrategy,SPY,buy,market,fill,1,gtc,0.0,1,stock,439.25,1,0.0
2023-08-23 09:30:00-04:00,MyStrategy,SPY,buy,market,new,1,gtc,0.0,1,stock,,,
2023-08-23 09:30:00-04:00,MyStrategy,SPY,buy,market,fill,1,gtc,0.0,1,stock,444.69000244140625,1,0.0
2023-08-24 09:30:00-04:00,MyStrategy,SPY,buy,market,new,1,gtc,0.0,1,stock,,,
2023-08-24 09:30:00-04:00,MyStrategy,SPY,buy,market,fill,1,gtc,0.0,1,stock,438.67999267578125,1,0.0
2023-08-25 09:30:00-04:00,MyStrategy,SPY,buy,market,new,1,gtc,0.0,1,stock,,,
2023-08-25 09:30:00-04:00,MyStrategy,SPY,buy,market,fill,1,gtc,0.0,1,stock,438.67999267578125,1,0.0
2023-08-28 09:30:00-04:00,MyStrategy,SPY,buy,market,new,1,gtc,0.0,1,stock,,,
2023-08-28 09:30:00-04:00,MyStrategy,SPY,buy,market,fill,1,gtc,0.0,1,stock,442.6499938964844,1,0.0
2023-08-29 09:30:00-04:00,MyStrategy,SPY,buy,market,new,1,gtc,0.0,1,stock,,,
2023-08-29 09:30:00-04:00,MyStrategy,SPY,buy,market,fill,1,gtc,0.0,1,stock,449.510009765625,1,0.0
2023-08-30 09:30:00-04:00,MyStrategy,SPY,buy,market,new,1,gtc,0.0,1,stock,,,
2023-08-30 09:30:00-04:00,MyStrategy,SPY,buy,market,fill,1,gtc,0.0,1,stock,451.6499938964844,1,0.0
2023-08-31 09:30:00-04:00,MyStrategy,SPY,buy,market,new,1,gtc,0.0,1,stock,,,
2023-08-31 09:30:00-04:00,MyStrategy,SPY,buy,market,fill,1,gtc,0.0,1,stock,453.1700134277344,1,0.0
2023-09-01 09:30:00-04:00,MyStrategy,SPY,buy,market,new,1,gtc,0.0,1,stock,,,
2023-09-01 09:30:00-04:00,MyStrategy,SPY,buy,market,fill,1,gtc,0.0,1,stock,453.1700134277344,1,0.0
2023-09-05 09:30:00-04:00,MyStrategy,SPY,buy,market,new,1,gtc,0.0,1,stock,,,
2023-09-05 09:30:00-04:00,MyStrategy,SPY,buy,market,fill,1,gtc,0.0,1,stock,448.3999938964844,1,0.0
2023-09-06 09:30:00-04:00,MyStrategy,SPY,buy,market,new,1,gtc,0.0,1,stock,,,
2023-09-06 09:30:00-04:00,MyStrategy,SPY,buy,market,fill,1,gtc,0.0,1,stock,443.1099853515625,1,0.0
2023-09-07 09:30:00-04:00,MyStrategy,SPY,buy,market,new,1,gtc,0.0,1,stock,,,
2023-09-07 09:30:00-04:00,MyStrategy,SPY,buy,market,fill,1,gtc,0.0,1,stock,444.8999938964844,1,0.0
2023-09-08 09:30:00-04:00,MyStrategy,SPY,buy,market,new,1,gtc,0.0,1,stock,,,
2023-09-08 09:30:00-04:00,MyStrategy,SPY,buy,market,fill,1,gtc,0.0,1,stock,444.8999938964844,1,0.0
2023-09-11 09:30:00-04:00,MyStrategy,SPY,buy,market,new,1,gtc,0.0,1,stock,,,
2023-09-11 09:30:00-04:00,MyStrategy,SPY,buy,market,fill,1,gtc,0.0,1,stock,446.95001220703125,1,0.0
2023-09-12 09:30:00-04:00,MyStrategy,SPY,buy,market,new,1,gtc,0.0,1,stock,,,
2023-09-12 09:30:00-04:00,MyStrategy,SPY,buy,market,fill,1,gtc,0.0,1,stock,446.2200012207031,1,0.0
2023-09-13 09:30:00-04:00,MyStrategy,SPY,buy,market,new,1,gtc,0.0,1,stock,,,
2023-09-13 09:30:00-04:00,MyStrategy,SPY,buy,market,fill,1,gtc,0.0,1,stock,449.07000732421875,1,0.0
2023-09-14 09:30:00-04:00,MyStrategy,SPY,buy,market,new,1,gtc,0.0,1,stock,,,
2023-09-14 09:30:00-04:00,MyStrategy,SPY,buy,market,fill,1,gtc,0.0,1,stock,447.1400146484375,1,0.0
2023-09-15 09:30:00-04:00,MyStrategy,SPY,buy,market,new,1,gtc,0.0,1,stock,,,
2023-09-15 09:30:00-04:00,MyStrategy,SPY,buy,market,fill,1,gtc,0.0,1,stock,447.1400146484375,1,0.0
2023-09-18 09:30:00-04:00,MyStrategy,SPY,buy,market,new,1,gtc,0.0,1,stock,,,
2023-09-18 09:30:00-04:00,MyStrategy,SPY,buy,market,fill,1,gtc,0.0,1,stock,442.67999267578125,1,0.0
2023-09-19 09:30:00-04:00,MyStrategy,SPY,buy,market,new,1,gtc,0.0,1,stock,,,
2023-09-19 09:30:00-04:00,MyStrategy,SPY,buy,market,fill,1,gtc,0.0,1,stock,444.010009765625,1,0.0
2023-09-20 09:30:00-04:00,MyStrategy,SPY,buy,market,new,1,gtc,0.0,1,stock,,,
2023-09-20 09:30:00-04:00,MyStrategy,SPY,buy,market,fill,1,gtc,0.0,1,stock,435.70001220703125,1,0.0
2023-09-21 09:30:00-04:00,MyStrategy,SPY,buy,market,new,1,gtc,0.0,1,stock,,,
2023-09-21 09:30:00-04:00,MyStrategy,SPY,buy,market,fill,1,gtc,0.0,1,stock,432.45001220703125,1,0.0
2023-09-22 09:30:00-04:00,MyStrategy,SPY,buy,market,new,1,gtc,0.0,1,stock,,,
2023-09-22 09:30:00-04:00,MyStrategy,SPY,buy,market,fill,1,gtc,0.0,1,stock,432.45001220703125,1,0.0
2023-09-25 09:30:00-04:00,MyStrategy,SPY,buy,market,new,1,gtc,0.0,1,stock,,,
2023-09-25 09:30:00-04:00,MyStrategy,SPY,buy,market,fill,1,gtc,0.0,1,stock,429.0899963378906,1,0.0
2023-09-26 09:30:00-04:00,MyStrategy,SPY,buy,market,new,1,gtc,0.0,1,stock,,,
2023-09-26 09:30:00-04:00,MyStrategy,SPY,buy,market,fill,1,gtc,0.0,1,stock,427.0899963378906,1,0.0
2023-09-27 09:30:00-04:00,MyStrategy,SPY,buy,market,new,1,gtc,0.0,1,stock,,,
2023-09-27 09:30:00-04:00,MyStrategy,SPY,buy,market,fill,1,gtc,0.0,1,stock,425.4800109863281,1,0.0
2023-09-28 09:30:00-04:00,MyStrategy,SPY,buy,market,new,1,gtc,0.0,1,stock,,,
2023-09-28 09:30:00-04:00,MyStrategy,SPY,buy,market,fill,1,gtc,0.0,1,stock,431.6700134277344,1,0.0
2023-09-29 09:30:00-04:00,MyStrategy,SPY,buy,market,new,1,gtc,0.0,1,stock,,,
2023-09-29 09:30:00-04:00,MyStrategy,SPY,buy,market,fill,1,gtc,0.0,1,stock,431.6700134277344,1,0.0
2023-10-02 09:30:00-04:00,MyStrategy,SPY,buy,market,new,1,gtc,0.0,1,stock,,,
2023-10-02 09:30:00-04:00,MyStrategy,SPY,buy,market,fill,1,gtc,0.0,1,stock,425.05999755859375,1,0.0
2023-10-03 09:30:00-04:00,MyStrategy,SPY,buy,market,new,1,gtc,0.0,1,stock,,,
2023-10-03 09:30:00-04:00,MyStrategy,SPY,buy,market,fill,1,gtc,0.0,1,stock,422.07000732421875,1,0.0
2023-10-04 09:30:00-04:00,MyStrategy,SPY,buy,market,new,1,gtc,0.0,1,stock,,,
2023-10-04 09:30:00-04:00,MyStrategy,SPY,buy,market,fill,1,gtc,0.0,1,stock,424.3599853515625,1,0.0
2023-10-05 09:30:00-04:00,MyStrategy,SPY,buy,market,new,1,gtc,0.0,1,stock,,,
2023-10-05 09:30:00-04:00,MyStrategy,SPY,buy,market,fill,1,gtc,0.0,1,stock,421.9700012207031,1,0.0
2023-10-06 09:30:00-04:00,MyStrategy,SPY,buy,market,new,1,gtc,0.0,1,stock,,,
2023-10-06 09:30:00-04:00,MyStrategy,SPY,buy,market,fill,1,gtc,0.0,1,stock,421.9700012207031,1,0.0
2023-10-09 09:30:00-04:00,MyStrategy,SPY,buy,market,new,1,gtc,0.0,1,stock,,,
2023-10-09 09:30:00-04:00,MyStrategy,SPY,buy,market,fill,1,gtc,0.0,1,stock,432.94000244140625,1,0.0
2023-10-10 09:30:00-04:00,MyStrategy,SPY,buy,market,new,1,gtc,0.0,1,stock,,,
2023-10-10 09:30:00-04:00,MyStrategy,SPY,buy,market,fill,1,gtc,0.0,1,stock,435.6400146484375,1,0.0
2023-10-11 09:30:00-04:00,MyStrategy,SPY,buy,market,new,1,gtc,0.0,1,stock,,,
2023-10-11 09:30:00-04:00,MyStrategy,SPY,buy,market,fill,1,gtc,0.0,1,stock,436.95001220703125,1,0.0
2023-10-12 09:30:00-04:00,MyStrategy,SPY,buy,market,new,1,gtc,0.0,1,stock,,,
2023-10-12 09:30:00-04:00,MyStrategy,SPY,buy,market,fill,1,gtc,0.0,1,stock,435.2099914550781,1,0.0
2023-10-13 09:30:00-04:00,MyStrategy,SPY,buy,market,new,1,gtc,0.0,1,stock,,,
2023-10-13 09:30:00-04:00,MyStrategy,SPY,buy,market,fill,1,gtc,0.0,1,stock,435.2099914550781,1,0.0
2023-10-16 09:30:00-04:00,MyStrategy,SPY,buy,market,new,1,gtc,0.0,1,stock,,,
2023-10-16 09:30:00-04:00,MyStrategy,SPY,buy,market,fill,1,gtc,0.0,1,stock,432.80999755859375,1,0.0
2023-10-17 09:30:00-04:00,MyStrategy,SPY,buy,market,new,1,gtc,0.0,1,stock,,,
2023-10-17 09:30:00-04:00,MyStrategy,SPY,buy,market,fill,1,gtc,0.0,1,stock,434.19000244140625,1,0.0
2023-10-18 09:30:00-04:00,MyStrategy,SPY,buy,market,new,1,gtc,0.0,1,stock,,,
2023-10-18 09:30:00-04:00,MyStrategy,SPY,buy,market,fill,1,gtc,0.0,1,stock,430.95001220703125,1,0.0
2023-10-19 09:30:00-04:00,MyStrategy,SPY,buy,market,new,1,gtc,0.0,1,stock,,,
2023-10-19 09:30:00-04:00,MyStrategy,SPY,buy,market,fill,1,gtc,0.0,1,stock,425.9800109863281,1,0.0
2023-10-20 09:30:00-04:00,MyStrategy,SPY,buy,market,new,1,gtc,0.0,1,stock,,,
2023-10-20 09:30:00-04:00,MyStrategy,SPY,buy,market,fill,1,gtc,0.0,1,stock,425.9800109863281,1,0.0
2023-10-23 09:30:00-04:00,MyStrategy,SPY,buy,market,new,1,gtc,0.0,1,stock,,,
2023-10-23 09:30:00-04:00,MyStrategy,SPY,buy,market,fill,1,gtc,0.0,1,stock,422.6499938964844,1,0.0
2023-10-24 09:30:00-04:00,MyStrategy,SPY,buy,market,new,1,gtc,0.0,1,stock,,,
2023-10-24 09:30:00-04:00,MyStrategy,SPY,buy,market,fill,1,gtc,0.0,1,stock,421.8900146484375,1,0.0
2023-10-25 09:30:00-04:00,MyStrategy,SPY,buy,market,new,1,gtc,0.0,1,stock,,,
2023-10-25 09:30:00-04:00,MyStrategy,SPY,buy,market,fill,1,gtc,0.0,1,stock,416.45001220703125,1,0.0
2023-10-26 09:30:00-04:00,MyStrategy,SPY,buy,market,new,1,gtc,0.0,1,stock,,,
2023-10-26 09:30:00-04:00,MyStrategy,SPY,buy,market,fill,1,gtc,0.0,1,stock,414.19000244140625,1,0.0
2023-10-27 09:30:00-04:00,MyStrategy,SPY,buy,market,new,1,gtc,0.0,1,stock,,,
2023-10-27 09:30:00-04:00,MyStrategy,SPY,buy,market,fill,1,gtc,0.0,1,stock,414.19000244140625,1,0.0
2023-10-30 09:30:00-04:00,MyStrategy,SPY,buy,market,new,1,gtc,0.0,1,stock,,,
2023-10-30 09:30:00-04:00,MyStrategy,SPY,buy,market,fill,1,gtc,0.0,1,stock,416.17999267578125,1,0.0
